series_id,game_id,map_order,map,rounds,player_id,player,team_id,team,agents,rating,acs,kills,deaths,assists,adr,headshot_percent,first_kills,first_deaths
698914,273289,1,Split,22,11600,Foxy9,11229,VARREL,Viper,1.09,239.0,18,16,7,151.0,0.42,3,2
698914,273289,1,Split,22,17086,something,624,Paper Rex,Waylay,0.96,195.0,15,14,4,140.0,0.23,2,4
698914,273289,1,Split,22,2149,C1ndeR,11229,VARREL,Omen,1.03,170.0,14,13,8,121.0,0.32,1,0
698914,273289,1,Split,22,34926,oonzmlp,11229,VARREL,Sage,1.05,160.0,14,14,12,92.0,0.09,0,3
698914,273289,1,Split,22,37532,Zexy,11229,VARREL,Raze,0.56,107.0,10,15,1,81.0,0.33,2,6
698914,273289,1,Split,22,42733,XuNa,11229,VARREL,Fade,1.43,270.0,19,14,6,175.0,0.29,4,1
698914,273289,1,Split,22,7378,Jinggg,624,Paper Rex,Raze,1.12,211.0,17,15,4,139.0,0.19,4,2
698914,273289,1,Split,22,8504,invy,624,Paper Rex,Fade,0.79,115.0,7,13,8,91.0,0.18,1,0
698914,273289,1,Split,22,9801,f0rsakeN,624,Paper Rex,Omen,0.98,221.0,17,17,5,141.0,0.44,3,3
698914,273289,1,Split,22,9803,d4v41,624,Paper Rex,Viper,0.96,215.0,16,16,3,149.0,0.31,2,1
698914,273290,2,Sunset,24,11600,Foxy9,11229,VARREL,Chamber,1.49,317.0,29,16,2,194.0,0.39,8,2
698914,273290,2,Sunset,24,17086,something,624,Paper Rex,Viper,0.56,123.0,9,18,4,83.0,0.18,1,3
698914,273290,2,Sunset,24,34926,oonzmlp,11229,VARREL,Sage,1.08,235.0,20,17,8,146.0,0.26,4,0
698914,273290,2,Sunset,24,37532,Zexy,11229,VARREL,Neon,0.96,205.0,16,18,13,131.0,0.16,2,1
698914,273290,2,Sunset,24,42733,XuNa,11229,VARREL,Fade,1.06,202.0,18,15,9,144.0,0.34,1,1
698914,273290,2,Sunset,24,4426,Klaus,11229,VARREL,Omen,0.56,106.0,8,16,13,70.0,0.43,3,2
698914,273290,2,Sunset,24,7378,Jinggg,624,Paper Rex,Raze,0.78,191.0,15,21,4,120.0,0.16,2,5
698914,273290,2,Sunset,24,8504,invy,624,Paper Rex,Sova,1.15,228.0,17,16,8,155.0,0.36,0,3
698914,273290,2,Sunset,24,9801,f0rsakeN,624,Paper Rex,Omen,0.81,222.0,19,22,7,150.0,0.31,1,4
698914,273290,2,Sunset,24,9803,d4v41,624,Paper Rex,Sage,1.5,249.0,22,14,7,161.0,0.39,2,3
698915,273292,1,Breeze,26,11737,Xan,878,Rex Regum Qeon,Neon,0.94,239.0,22,21,3,151.0,0.42,1,2
698915,273292,1,Breeze,26,1430,crazyguy,878,Rex Regum Qeon,Sova,1.23,233.0,20,14,10,156.0,0.25,3,2
698915,273292,1,Breeze,26,24895,Jemkin,878,Rex Regum Qeon,Yoru,1.48,285.0,26,15,6,180.0,0.32,8,4
698915,273292,1,Breeze,26,31827,Dambi,11060,Nongshim RedForce,Neon,0.61,168.0,15,22,6,105.0,0.19,2,5
698915,273292,1,Breeze,26,31828,Francis,11060,Nongshim RedForce,Sova,1.07,264.0,23,24,11,183.0,0.22,1,3
698915,273292,1,Breeze,26,31829,Ivy,11060,Nongshim RedForce,Viper,0.91,166.0,17,19,4,97.0,0.43,4,4
698915,273292,1,Breeze,26,42772,Xross,11060,Nongshim RedForce,Phoenix,1.07,204.0,16,20,15,135.0,0.29,3,2
698915,273292,1,Breeze,26,4871,xffero,878,Rex Regum Qeon,Cypher,0.92,187.0,19,15,7,106.0,0.21,2,3
698915,273292,1,Breeze,26,488,Rb,11060,Nongshim RedForce,Harbor,0.8,143.0,12,20,15,97.0,0.3,1,1
698915,273292,1,Breeze,26,8497,Monyet,878,Rex Regum Qeon,Harbor,1.0,212.0,18,18,12,146.0,0.26,1,0
698915,273293,2,Sunset,24,11737,Xan,878,Rex Regum Qeon,Neon,0.78,154.0,14,17,5,102.0,0.25,1,6
698915,273293,2,Sunset,24,1430,crazyguy,878,Rex Regum Qeon,Sova,1.05,204.0,18,18,8,130.0,0.35,2,1
698915,273293,2,Sunset,24,24895,Jemkin,878,Rex Regum Qeon,Chamber,1.14,240.0,21,15,1,139.0,0.33,5,2
698915,273293,2,Sunset,24,31827,Dambi,11060,Nongshim RedForce,Waylay,1.25,197.0,17,13,4,138.0,0.32,2,3
698915,273293,2,Sunset,24,31828,Francis,11060,Nongshim RedForce,Omen,1.15,249.0,21,17,10,155.0,0.23,2,2
698915,273293,2,Sunset,24,31829,Ivy,11060,Nongshim RedForce,Cypher,0.84,135.0,11,15,4,95.0,0.32,2,2
698915,273293,2,Sunset,24,42772,Xross,11060,Nongshim RedForce,Sova,1.36,283.0,25,16,6,202.0,0.35,1,0
698915,273293,2,Sunset,24,4871,xffero,878,Rex Regum Qeon,Sage,0.98,171.0,14,16,6,128.0,0.18,2,3
698915,273293,2,Sunset,24,488,Rb,11060,Nongshim RedForce,Yoru,0.67,179.0,14,20,5,113.0,0.17,6,4
698915,273293,2,Sunset,24,8497,Monyet,878,Rex Regum Qeon,Omen,0.59,169.0,14,22,9,93.0,0.27,1,1
698915,273294,3,Haven,23,11737,Xan,878,Rex Regum Qeon,Neon,1.03,233.0,20,16,2,155.0,0.23,3,1
698915,273294,3,Haven,23,1430,crazyguy,878,Rex Regum Qeon,Sova,0.72,163.0,11,16,7,109.0,0.13,3,3
698915,273294,3,Haven,23,24895,Jemkin,878,Rex Regum Qeon,Yoru,1.02,208.0,18,15,5,125.0,0.26,3,1
698915,273294,3,Haven,23,31827,Dambi,11060,Nongshim RedForce,Neon,1.06,219.0,16,19,8,133.0,0.23,4,3
698915,273294,3,Haven,23,31828,Francis,11060,Nongshim RedForce,Omen,1.2,243.0,21,17,6,157.0,0.21,0,2
698915,273294,3,Haven,23,31829,Ivy,11060,Nongshim RedForce,Killjoy,1.23,238.0,21,18,4,144.0,0.23,0,3
698915,273294,3,Haven,23,42772,Xross,11060,Nongshim RedForce,Sova,0.85,147.0,9,17,12,109.0,0.22,1,0
698915,273294,3,Haven,23,4871,xffero,878,Rex Regum Qeon,Cypher,1.23,218.0,18,13,10,148.0,0.17,4,1
698915,273294,3,Haven,23,488,Rb,11060,Nongshim RedForce,Yoru,0.38,91.0,7,18,5,63.0,0.35,1,9
698915,273294,3,Haven,23,8497,Monyet,878,Rex Regum Qeon,Omen,1.47,272.0,22,14,18,172.0,0.43,4,0
706378,275148,1,Lotus,14,11118,skuba,1034,NRG,Viper,1.51,234.0,13,7,9,139.0,0.33,1,2
706378,275148,1,Lotus,14,11225,Ethan,1034,NRG,Fade,0.81,133.0,8,8,3,82.0,0.17,0,2
706378,275148,1,Lotus,14,11494,keiko,1034,NRG,Omen,2.28,347.0,19,6,12,219.0,0.26,3,0
706378,275148,1,Lotus,14,14048,zerona,5248,Evil Geniuses,Viper,0.62,195.0,9,14,2,121.0,0.22,2,2
706378,275148,1,Lotus,14,2164,Paincakes,5248,Evil Geniuses,Fade,0.44,174.0,8,14,2,110.0,0.35,0,1
706378,275148,1,Lotus,14,2172,brawk,1034,NRG,Vyse,0.98,218.0,11,9,5,119.0,0.1,3,0
706378,275148,1,Lotus,14,34400,bao,5248,Evil Geniuses,Cypher,0.46,152.0,7,13,0,94.0,0.5,0,0
706378,275148,1,Lotus,14,5132,mada,1034,NRG,Raze,1.94,338.0,17,5,4,226.0,0.27,2,1
706378,275148,1,Lotus,14,826,supamen,5248,Evil Geniuses,Omen,0.36,98.0,5,13,3,66.0,0.2,1,2
706378,275148,1,Lotus,14,8873,dgzin,5248,Evil Geniuses,Raze,0.5,139.0,6,14,2,90.0,0.29,2,4
706378,275149,2,Breeze,20,11118,skuba,1034,NRG,Viper,0.97,210.0,15,16,6,139.0,0.26,2,0
706378,275149,2,Breeze,20,11225,Ethan,1034,NRG,Kayo,1.01,179.0,13,13,14,97.0,0.26,1,1
706378,275149,2,Breeze,20,11494,keiko,1034,NRG,Jett,1.06,210.0,16,14,2,129.0,0.31,4,6
706378,275149,2,Breeze,20,14048,zerona,5248,Evil Geniuses,Phoenix,1.03,234.0,16,15,7,167.0,0.25,3,0
706378,275149,2,Breeze,20,2164,Paincakes,5248,Evil Geniuses,Sova,0.4,82.0,6,14,5,60.0,0.31,0,1
706378,275149,2,Breeze,20,2172,brawk,1034,NRG,Sova,1.44,237.0,15,12,12,176.0,0.22,1,1
706378,275149,2,Breeze,20,34400,bao,5248,Evil Geniuses,Omen,0.86,177.0,12,13,5,113.0,0.15,1,1
706378,275149,2,Breeze,20,5132,mada,1034,NRG,Harbor,1.18,200.0,13,13,12,129.0,0.36,2,2
706378,275149,2,Breeze,20,826,supamen,5248,Evil Geniuses,Viper,1.09,237.0,18,13,2,156.0,0.4,3,2
706378,275149,2,Breeze,20,8873,dgzin,5248,Evil Geniuses,Jett,0.7,210.0,15,17,1,131.0,0.24,3,6
706379,275151,1,Summit,21,10557,Darker,6961,LOUD,Omen,1.38,262.0,20,16,14,153.0,0.25,3,0
706379,275151,1,Summit,21,10885,DaviH,6961,LOUD,Fade,0.65,147.0,7,16,10,108.0,0.24,1,1
706379,275151,1,Summit,21,20140,vora,120,100 Thieves,Fade,0.93,175.0,14,15,5,105.0,0.18,1,0
706379,275151,1,Summit,21,28716,lukxo,6961,LOUD,Chamber,0.72,173.0,14,16,1,98.0,0.21,2,2
706379,275151,1,Summit,21,29242,erde,6961,LOUD,Sage,1.05,165.0,13,15,5,115.0,0.32,1,1
706379,275151,1,Summit,21,29893,Timotino,120,100 Thieves,Neon,0.85,166.0,13,13,4,100.0,0.33,2,4
706379,275151,1,Summit,21,3880,bang,120,100 Thieves,Harbor,1.11,236.0,18,14,9,140.0,0.44,1,2
706379,275151,1,Summit,21,41224,tkzin,6961,LOUD,Neon,0.62,207.0,14,19,4,134.0,0.29,4,6
706379,275151,1,Summit,21,4147,Cryocells,120,100 Thieves,Cypher,0.81,124.0,10,12,2,84.0,0.26,3,3
706379,275151,1,Summit,21,601,Asuna,120,100 Thieves,Phoenix,1.81,390.0,27,14,12,235.0,0.23,3,2
706379,275152,2,Haven,23,10557,Darker,6961,LOUD,Omen,0.65,134.0,12,17,5,89.0,0.43,3,3
706379,275152,2,Haven,23,10885,DaviH,6961,LOUD,Sova,0.79,158.0,12,16,6,107.0,0.21,2,2
706379,275152,2,Haven,23,20140,vora,120,100 Thieves,Sova,1.42,224.0,19,13,7,142.0,0.17,3,0
706379,275152,2,Haven,23,28716,lukxo,6961,LOUD,Chamber,1.11,214.0,18,14,1,133.0,0.26,3,1
706379,275152,2,Haven,23,29242,erde,6961,LOUD,Phoenix,0.66,179.0,13,18,4,128.0,0.23,0,0
706379,275152,2,Haven,23,29893,Timotino,120,100 Thieves,Neon,0.93,206.0,17,16,8,121.0,0.25,4,3
706379,275152,2,Haven,23,3880,bang,120,100 Thieves,Omen,1.77,268.0,25,12,10,163.0,0.25,3,2
706379,275152,2,Haven,23,41224,tkzin,6961,LOUD,Neon,0.91,199.0,17,17,4,134.0,0.33,5,4
706379,275152,2,Haven,23,4147,Cryocells,120,100 Thieves,Cypher,1.17,183.0,15,13,7,112.0,0.42,0,2
706379,275152,2,Haven,23,601,Asuna,120,100 Thieves,Phoenix,0.53,117.0,6,18,10,97.0,0.14,0,6
724627,278595,1,Ascent,24,14125,Spring,13790,Wolves Esports,Omen,1.02,141.0,12,14,10,101.0,0.29,1,1
724627,278595,1,Ascent,24,14441,aluba,13790,Wolves Esports,Sova,1.09,181.0,15,14,4,113.0,0.16,2,0
724627,278595,1,Ascent,24,15559,CHICHOO,1120,EDward Gaming,Cypher,1.42,291.0,24,17,6,181.0,0.32,2,1
724627,278595,1,Ascent,24,3017,nobody,1120,EDward Gaming,Sova,1.14,211.0,17,16,8,153.0,0.27,0,4
724627,278595,1,Ascent,24,3520,ZmjjKK,1120,EDward Gaming,Jett,0.48,131.0,13,19,1,95.0,0.3,3,8
724627,278595,1,Ascent,24,4742,Smoggy,1120,EDward Gaming,Omen,0.79,154.0,12,18,14,122.0,0.17,0,0
724627,278595,1,Ascent,24,49973,glacier,13790,Wolves Esports,Jett,1.21,328.0,28,21,4,211.0,0.31,6,2
724627,278595,1,Ascent,24,51244,Jieni7,1120,EDward Gaming,Kayo,1.13,210.0,17,15,14,141.0,0.18,3,3
724627,278595,1,Ascent,24,6022,yosemite,13790,Wolves Esports,Cypher,1.18,222.0,20,17,2,137.0,0.36,6,3
724627,278595,1,Ascent,24,9152,Deryeon,13790,Wolves Esports,Kayo,0.78,146.0,10,17,12,100.0,0.08,1,2
724627,278596,2,Sunset,23,14125,Spring,13790,Wolves Esports,Viper,0.85,214.0,14,19,10,144.0,0.4,4,2
724627,278596,2,Sunset,23,14441,aluba,13790,Wolves Esports,Sova,0.87,177.0,14,17,6,125.0,0.33,1,3
724627,278596,2,Sunset,23,15559,CHICHOO,1120,EDward Gaming,Cypher,1.02,188.0,17,14,4,118.0,0.2,2,1
724627,278596,2,Sunset,23,3017,nobody,1120,EDward Gaming,Sova,1.33,242.0,19,15,9,159.0,0.43,1,0
724627,278596,2,Sunset,23,3520,ZmjjKK,1120,EDward Gaming,Neon,0.81,187.0,15,18,5,107.0,0.15,6,6
724627,278596,2,Sunset,23,4742,Smoggy,1120,EDward Gaming,Omen,1.05,212.0,15,17,14,134.0,0.33,2,2
724627,278596,2,Sunset,23,49973,glacier,13790,Wolves Esports,Neon,0.75,183.0,14,19,4,132.0,0.33,3,3
724627,278596,2,Sunset,23,51244,Jieni7,1120,EDward Gaming,Kayo,1.21,219.0,19,14,13,145.0,0.46,1,2
724627,278596,2,Sunset,23,6022,yosemite,13790,Wolves Esports,Sage,1.05,175.0,15,15,10,141.0,0.3,2,3
724627,278596,2,Sunset,23,9152,Deryeon,13790,Wolves Esports,Omen,1.29,222.0,21,15,4,123.0,0.17,1,1
724627,278597,3,Haven,19,14125,Spring,13790,Wolves Esports,Viper,0.77,157.0,10,16,10,97.0,0.32,1,2
724627,278597,3,Haven,19,14441,aluba,13790,Wolves Esports,Sova,0.93,188.0,10,15,8,163.0,0.34,1,1
724627,278597,3,Haven,19,15559,CHICHOO,1120,EDward Gaming,Phoenix,1.47,321.0,21,13,7,214.0,0.33,2,4
724627,278597,3,Haven,19,3017,nobody,1120,EDward Gaming,Sova,1.43,249.0,18,12,5,152.0,0.31,0,0
724627,278597,3,Haven,19,3520,ZmjjKK,1120,EDward Gaming,Chamber,0.97,226.0,17,13,1,144.0,0.1,7,2
724627,278597,3,Haven,19,4742,Smoggy,1120,EDward Gaming,Neon,0.71,188.0,12,15,6,124.0,0.19,1,2
724627,278597,3,Haven,19,49973,glacier,13790,Wolves Esports,Neon,0.87,211.0,14,17,1,130.0,0.19,6,6
724627,278597,3,Haven,19,51244,Jieni7,1120,EDward Gaming,Omen,0.95,154.0,10,11,13,95.0,0.3,0,1
724627,278597,3,Haven,19,6022,yosemite,13790,Wolves Esports,Killjoy,1.58,334.0,22,14,2,213.0,0.39,1,0
724627,278597,3,Haven,19,9152,Deryeon,13790,Wolves Esports,Omen,0.55,124.0,8,16,5,100.0,0.38,0,1
724628,278598,1,Ascent,18,10821,deLb,12685,Trace Esports,Cypher,1.51,286.0,20,10,3,197.0,0.34,2,0
724628,278598,1,Ascent,18,12365,coconut,11328,FunPlus Phoenix,Sova,0.65,170.0,11,16,4,99.0,0.14,0,1
724628,278598,1,Ascent,18,19530,AAAAY,11328,FunPlus Phoenix,Cypher,0.79,149.0,9,15,2,116.0,0.33,0,2
724628,278598,1,Ascent,18,3045,LuoK1ng,12685,Trace Esports,Omen,1.23,201.0,13,9,10,123.0,0.39,1,2
724628,278598,1,Ascent,18,37494,Kai,12685,Trace Esports,Jett,0.87,211.0,14,13,2,124.0,0.1,3,3
724628,278598,1,Ascent,18,4770,FengF,12685,Trace Esports,Sova,1.31,213.0,14,9,4,149.0,0.24,2,2
724628,278598,1,Ascent,18,50025,Setrod,11328,FunPlus Phoenix,Jett,0.91,231.0,14,15,4,137.0,0.29,5,3
724628,278598,1,Ascent,18,51249,FKEY,12685,Trace Esports,Kayo,1.16,245.0,16,13,11,143.0,0.43,2,1
724628,278598,1,Ascent,18,54487,Xlele,11328,FunPlus Phoenix,Neon,0.48,125.0,7,16,1,92.0,0.32,2,4
724628,278598,1,Ascent,18,7987,KovaQ,11328,FunPlus Phoenix,Omen,1.0,191.0,13,15,5,125.0,0.33,1,0
724628,278599,2,Lotus,20,10821,deLb,12685,Trace Esports,Vyse,1.33,227.0,18,9,3,142.0,0.47,3,1
724628,278599,2,Lotus,20,12365,coconut,11328,FunPlus Phoenix,Fade,1.37,250.0,17,14,5,161.0,0.44,2,1
724628,278599,2,Lotus,20,19530,AAAAY,11328,FunPlus Phoenix,Viper,0.77,145.0,9,15,6,101.0,0.26,1,0
724628,278599,2,Lotus,20,3045,LuoK1ng,12685,Trace Esports,Omen,0.74,133.0,9,13,8,83.0,0.33,1,0
724628,278599,2,Lotus,20,37494,Kai,12685,Trace Esports,Waylay,1.49,302.0,24,11,0,190.0,0.32,4,1
724628,278599,2,Lotus,20,4770,FengF,12685,Trace Esports,Raze,0.83,158.0,10,13,6,122.0,0.34,0,7
724628,278599,2,Lotus,20,50025,Setrod,11328,FunPlus Phoenix,Vyse,0.07,63.0,5,19,2,39.0,0.27,1,5
724628,278599,2,Lotus,20,51249,FKEY,12685,Trace Esports,Fade,1.04,220.0,16,14,5,151.0,0.38,1,2
724628,278599,2,Lotus,20,54487,Xlele,11328,FunPlus Phoenix,Raze,1.53,286.0,19,13,3,181.0,0.36,3,0
724628,278599,2,Lotus,20,7987,KovaQ,11328,FunPlus Phoenix,Omen,0.67,154.0,10,16,4,103.0,0.34,4,3
724629,278601,1,Summit,24,11218,Yuicaw,13576,JD Gaming,Cypher,1.07,217.0,17,16,3,150.0,0.25,3,4
724629,278601,1,Summit,24,21216,f4ngeer,1119,All Gamers,Neon,1.2,252.0,20,16,3,166.0,0.37,4,3
724629,278601,1,Summit,24,25494,Shr1mp,1119,All Gamers,Fade,0.73,119.0,9,16,9,81.0,0.2,1,2
724629,278601,1,Summit,24,3519,jkuro,13576,JD Gaming,Raze,0.44,107.0,8,19,4,78.0,0.15,3,4
724629,278601,1,Summit,24,46748,K1ra,1119,All Gamers,Phoenix,0.98,202.0,16,18,7,122.0,0.28,3,4
724629,278601,1,Summit,24,49476,zhe,13576,JD Gaming,Neon,1.35,260.0,23,16,2,170.0,0.3,3,2
724629,278601,1,Summit,24,52101,Bai,1119,All Gamers,Viper,1.12,219.0,20,17,2,141.0,0.33,2,2
724629,278601,1,Summit,24,58959,iamgrq,1119,All Gamers,Omen,1.29,215.0,20,14,14,137.0,0.35,2,1
724629,278601,1,Summit,24,64969,crownfisher,13576,JD Gaming,Omen,0.83,159.0,14,17,8,111.0,0.34,1,1
724629,278601,1,Summit,24,7857,BerLIN,13576,JD Gaming,Fade,1.0,225.0,19,17,9,153.0,0.31,2,1
724629,278602,2,Sunset,26,11218,Yuicaw,13576,JD Gaming,Cypher,0.69,108.0,11,17,9,77.0,0.2,1,3
724629,278602,2,Sunset,26,21216,f4ngeer,1119,All Gamers,Neon,1.24,230.0,20,17,8,145.0,0.32,9,4
724629,278602,2,Sunset,26,25494,Shr1mp,1119,All Gamers,Sova,1.62,289.0,29,14,2,195.0,0.24,0,0
724629,278602,2,Sunset,26,3519,jkuro,13576,JD Gaming,Phoenix,1.23,235.0,21,16,5,154.0,0.38,4,0
724629,278602,2,Sunset,26,46748,K1ra,1119,All Gamers,Omen,0.91,178.0,16,19,10,115.0,0.25,1,3
724629,278602,2,Sunset,26,49476,zhe,13576,JD Gaming,Neon,0.65,172.0,15,20,2,119.0,0.17,4,7
724629,278602,2,Sunset,26,52101,Bai,1119,All Gamers,Cypher,0.95,174.0,14,16,6,126.0,0.21,3,2
724629,278602,2,Sunset,26,58959,iamgrq,1119,All Gamers,Kayo,0.76,137.0,11,20,11,83.0,0.11,2,2
724629,278602,2,Sunset,26,64969,crownfisher,13576,JD Gaming,Omen,1.34,278.0,26,17,7,171.0,0.26,1,1
724629,278602,2,Sunset,26,7857,BerLIN,13576,JD Gaming,Fade,0.67,163.0,13,20,8,115.0,0.33,1,4
724630,278604,1,Summit,22,11524,Nicc,11981,Dragon Ranger Gaming,Fade,1.16,219.0,17,16,5,128.0,0.34,1,3
724630,278604,1,Summit,22,19677,lucas,14137,Wuxi Titan Esports Club(Titan Esports Club),Fade,0.78,167.0,13,16,6,100.0,0.26,3,0
724630,278604,1,Summit,22,3028,Life,11981,Dragon Ranger Gaming,Jett,0.57,149.0,12,19,3,105.0,0.28,1,5
724630,278604,1,Summit,22,31753,SpiritZ1,11981,Dragon Ranger Gaming,Waylay,0.77,198.0,13,19,4,128.0,0.34,2,6
724630,278604,1,Summit,22,3741,vo0kashu,11981,Dragon Ranger Gaming,Cypher,1.25,217.0,18,14,3,142.0,0.38,2,1
724630,278604,1,Summit,22,42235,Dynamite,14137,Wuxi Titan Esports Club(Titan Esports Club),Waylay,1.18,213.0,17,14,6,154.0,0.38,4,1
724630,278604,1,Summit,22,4720,Haodong,14137,Wuxi Titan Esports Club(Titan Esports Club),Cypher,0.61,90.0,8,13,3,65.0,0.15,1,2
724630,278604,1,Summit,22,47629,Coco,14137,Wuxi Titan Esports Club(Titan Esports Club),Astra,1.19,223.0,18,14,16,134.0,0.2,2,0
724630,278604,1,Summit,22,55817,Verse,11981,Dragon Ranger Gaming,Harbor,1.01,164.0,14,15,10,102.0,0.48,0,1
724630,278604,1,Summit,22,63107,ra1ny,14137,Wuxi Titan Esports Club(Titan Esports Club),Raze,1.44,342.0,27,17,4,234.0,0.28,6,3
724630,278605,2,Ascent,14,11524,Nicc,11981,Dragon Ranger Gaming,Sova,1.72,249.0,13,5,8,161.0,0.1,2,0
724630,278605,2,Ascent,14,19677,lucas,14137,Wuxi Titan Esports Club(Titan Esports Club),Sova,0.24,97.0,2,13,4,87.0,0.21,0,0
724630,278605,2,Ascent,14,3028,Life,11981,Dragon Ranger Gaming,Neon,1.54,333.0,16,8,10,225.0,0.38,1,1
724630,278605,2,Ascent,14,31753,SpiritZ1,11981,Dragon Ranger Gaming,Jett,1.36,282.0,14,9,4,168.0,0.25,4,1
724630,278605,2,Ascent,14,3741,vo0kashu,11981,Dragon Ranger Gaming,Cypher,1.32,260.0,13,8,5,172.0,0.25,2,0
724630,278605,2,Ascent,14,42235,Dynamite,14137,Wuxi Titan Esports Club(Titan Esports Club),Phoenix,1.06,249.0,11,13,5,161.0,0.26,3,4
724630,278605,2,Ascent,14,4720,Haodong,14137,Wuxi Titan Esports Club(Titan Esports Club),Cypher,0.87,188.0,10,13,3,118.0,0.35,1,0
724630,278605,2,Ascent,14,47629,Coco,14137,Wuxi Titan Esports Club(Titan Esports Club),Omen,1.04,217.0,10,13,5,153.0,0.4,0,1
724630,278605,2,Ascent,14,55817,Verse,11981,Dragon Ranger Gaming,Omen,0.93,123.0,8,8,6,77.0,0.2,1,2
724630,278605,2,Ascent,14,63107,ra1ny,14137,Wuxi Titan Esports Club(Titan Esports Club),Neon,0.35,119.0,5,13,4,77.0,0.09,0,5
724630,278606,3,Haven,21,11524,Nicc,11981,Dragon Ranger Gaming,Skye,0.75,160.0,13,16,7,116.0,0.36,1,1
724630,278606,3,Haven,21,19677,lucas,14137,Wuxi Titan Esports Club(Titan Esports Club),Sova,0.88,181.0,11,15,9,133.0,0.2,1,0
724630,278606,3,Haven,21,3028,Life,11981,Dragon Ranger Gaming,Jett,0.96,235.0,17,17,2,161.0,0.49,3,5
724630,278606,3,Haven,21,31753,SpiritZ1,11981,Dragon Ranger Gaming,Waylay,0.84,226.0,15,19,5,144.0,0.26,3,5
724630,278606,3,Haven,21,3741,vo0kashu,11981,Dragon Ranger Gaming,Cypher,1.06,231.0,17,17,3,139.0,0.38,1,1
724630,278606,3,Haven,21,42235,Dynamite,14137,Wuxi Titan Esports Club(Titan Esports Club),Phoenix,1.42,270.0,21,15,6,170.0,0.27,5,0
724630,278606,3,Haven,21,4720,Haodong,14137,Wuxi Titan Esports Club(Titan Esports Club),Cypher,0.92,175.0,13,14,4,133.0,0.2,1,4
724630,278606,3,Haven,21,47629,Coco,14137,Wuxi Titan Esports Club(Titan Esports Club),Omen,1.41,249.0,21,13,6,158.0,0.47,0,1
724630,278606,3,Haven,21,55817,Verse,11981,Dragon Ranger Gaming,Omen,0.68,133.0,10,16,11,85.0,0.21,0,1
724630,278606,3,Haven,21,63107,ra1ny,14137,Wuxi Titan Esports Club(Titan Esports Club),Neon,1.2,256.0,19,15,5,169.0,0.29,6,3
724631,278607,1,Breeze,19,11218,Yuicaw,13576,JD Gaming,Viper,0.89,130.0,10,10,4,79.0,0.17,1,0
724631,278607,1,Breeze,19,15559,CHICHOO,1120,EDward Gaming,Viper,0.8,148.0,7,14,7,111.0,0.26,1,0
724631,278607,1,Breeze,19,3017,nobody,1120,EDward Gaming,Sova,0.29,82.0,5,17,2,53.0,0.18,0,3
724631,278607,1,Breeze,19,3519,jkuro,13576,JD Gaming,Jett,1.12,217.0,15,11,2,161.0,0.32,2,3
724631,278607,1,Breeze,19,3520,ZmjjKK,1120,EDward Gaming,Jett,1.13,217.0,15,14,1,152.0,0.24,0,5
724631,278607,1,Breeze,19,4742,Smoggy,1120,EDward Gaming,Phoenix,0.63,186.0,13,18,4,113.0,0.27,2,4
724631,278607,1,Breeze,19,49476,zhe,13576,JD Gaming,Neon,1.23,237.0,15,11,7,165.0,0.17,4,0
724631,278607,1,Breeze,19,51244,Jieni7,1120,EDward Gaming,Omen,0.71,161.0,10,16,7,102.0,0.29,1,3
724631,278607,1,Breeze,19,64969,crownfisher,13576,JD Gaming,Harbor,1.89,340.0,26,9,5,209.0,0.42,5,1
724631,278607,1,Breeze,19,7857,BerLIN,13576,JD Gaming,Sova,1.32,194.0,13,9,9,145.0,0.3,3,0
724631,278608,2,Summit,22,11218,Yuicaw,13576,JD Gaming,Cypher,1.52,281.0,24,14,6,190.0,0.32,3,0
724631,278608,2,Summit,22,15559,CHICHOO,1120,EDward Gaming,Viper,0.73,160.0,11,18,8,120.0,0.32,0,3
724631,278608,2,Summit,22,3017,nobody,1120,EDward Gaming,Fade,0.74,164.0,13,17,0,104.0,0.53,5,3
724631,278608,2,Summit,22,3519,jkuro,13576,JD Gaming,Raze,0.8,196.0,14,17,10,140.0,0.18,3,1
724631,278608,2,Summit,22,3520,ZmjjKK,1120,EDward Gaming,Yoru,1.36,327.0,25,17,5,216.0,0.22,4,1
724631,278608,2,Summit,22,4742,Smoggy,1120,EDward Gaming,Neon,0.45,132.0,10,21,4,86.0,0.23,2,3
724631,278608,2,Summit,22,49476,zhe,13576,JD Gaming,Neon,1.19,227.0,20,14,4,135.0,0.29,3,5
724631,278608,2,Summit,22,51244,Jieni7,1120,EDward Gaming,Omen,1.12,168.0,15,15,8,114.0,0.38,0,1
724631,278608,2,Summit,22,64969,crownfisher,13576,JD Gaming,Omen,1.18,200.0,14,14,14,134.0,0.19,0,1
724631,278608,2,Summit,22,7857,BerLIN,13576,JD Gaming,Fade,1.05,199.0,16,15,8,126.0,0.25,2,4
724632,278610,1,Sunset,30,10821,deLb,12685,Trace Esports,Cypher,1.64,295.0,34,19,7,195.0,0.47,2,4
724632,278610,1,Sunset,30,11524,Nicc,11981,Dragon Ranger Gaming,Fade,1.05,201.0,22,20,9,130.0,0.26,2,0
724632,278610,1,Sunset,30,3028,Life,11981,Dragon Ranger Gaming,Neon,0.74,178.0,20,22,3,118.0,0.33,6,6
724632,278610,1,Sunset,30,3045,LuoK1ng,12685,Trace Esports,Omen,0.9,173.0,19,21,9,102.0,0.41,0,5
724632,278610,1,Sunset,30,31753,SpiritZ1,11981,Dragon Ranger Gaming,Yoru,0.95,239.0,25,23,6,154.0,0.37,8,4
724632,278610,1,Sunset,30,3741,vo0kashu,11981,Dragon Ranger Gaming,Cypher,1.18,243.0,26,21,8,164.0,0.23,1,0
724632,278610,1,Sunset,30,37494,Kai,12685,Trace Esports,Neon,0.71,185.0,16,28,12,138.0,0.2,2,6
724632,278610,1,Sunset,30,4770,FengF,12685,Trace Esports,Sova,0.95,215.0,22,25,8,139.0,0.3,3,2
724632,278610,1,Sunset,30,51249,FKEY,12685,Trace Esports,Sage,0.77,157.0,16,25,5,106.0,0.32,3,3
724632,278610,1,Sunset,30,55817,Verse,11981,Dragon Ranger Gaming,Omen,1.18,235.0,25,21,13,159.0,0.5,3,0
724632,278611,2,Ascent,17,10821,deLb,12685,Trace Esports,Cypher,0.69,129.0,9,11,5,87.0,0.29,1,0
724632,278611,2,Ascent,17,11524,Nicc,11981,Dragon Ranger Gaming,Sova,0.74,186.0,10,15,7,133.0,0.14,0,3
724632,278611,2,Ascent,17,3028,Life,11981,Dragon Ranger Gaming,Neon,0.29,110.0,6,17,1,83.0,0.32,2,5
724632,278611,2,Ascent,17,3045,LuoK1ng,12685,Trace Esports,Omen,1.17,202.0,11,9,13,137.0,0.18,2,1
724632,278611,2,Ascent,17,31753,SpiritZ1,11981,Dragon Ranger Gaming,Jett,0.74,128.0,8,13,3,99.0,0.41,0,3
724632,278611,2,Ascent,17,3741,vo0kashu,11981,Dragon Ranger Gaming,Cypher,1.23,255.0,15,15,0,169.0,0.22,0,1
724632,278611,2,Ascent,17,37494,Kai,12685,Trace Esports,Jett,1.93,329.0,22,7,3,200.0,0.12,4,0
724632,278611,2,Ascent,17,4770,FengF,12685,Trace Esports,Sova,1.23,266.0,17,12,6,166.0,0.33,3,1
724632,278611,2,Ascent,17,51249,FKEY,12685,Trace Esports,Kayo,1.13,223.0,14,11,11,155.0,0.34,5,0
724632,278611,2,Ascent,17,55817,Verse,11981,Dragon Ranger Gaming,Omen,1.06,192.0,11,13,6,128.0,0.4,0,3
724632,278612,3,Summit,26,10821,deLb,12685,Trace Esports,Cypher,0.73,116.0,11,19,7,77.0,0.3,1,1
724632,278612,3,Summit,26,11524,Nicc,11981,Dragon Ranger Gaming,Fade,1.23,201.0,19,15,7,125.0,0.24,1,0
724632,278612,3,Summit,26,3028,Life,11981,Dragon Ranger Gaming,Jett,0.84,161.0,15,19,3,101.0,0.31,5,4
724632,278612,3,Summit,26,3045,LuoK1ng,12685,Trace Esports,Omen,1.04,162.0,16,18,11,95.0,0.42,2,4
724632,278612,3,Summit,26,31753,SpiritZ1,11981,Dragon Ranger Gaming,Waylay,0.81,205.0,20,19,6,138.0,0.59,3,5
724632,278612,3,Summit,26,3741,vo0kashu,11981,Dragon Ranger Gaming,Cypher,1.17,231.0,23,18,9,148.0,0.28,1,2
724632,278612,3,Summit,26,37494,Kai,12685,Trace Esports,Waylay,0.99,197.0,16,20,9,132.0,0.31,4,1
724632,278612,3,Summit,26,4770,FengF,12685,Trace Esports,Fade,1.1,231.0,22,19,10,135.0,0.41,1,1
724632,278612,3,Summit,26,51249,FKEY,12685,Trace Esports,Neon,1.06,292.0,25,21,5,187.0,0.31,5,6
724632,278612,3,Summit,26,55817,Verse,11981,Dragon Ranger Gaming,Harbor,1.03,245.0,20,19,11,151.0,0.39,3,2
724633,278613,1,Sunset,23,19677,lucas,14137,Wuxi Titan Esports Club(Titan Esports Club),Sova,0.88,175.0,13,19,5,111.0,0.26,2,1
724633,278613,1,Sunset,23,21216,f4ngeer,1119,All Gamers,Neon,1.89,388.0,33,14,3,241.0,0.35,6,0
724633,278613,1,Sunset,23,25494,Shr1mp,1119,All Gamers,Sova,0.93,183.0,15,13,2,118.0,0.18,1,2
724633,278613,1,Sunset,23,42235,Dynamite,14137,Wuxi Titan Esports Club(Titan Esports Club),Phoenix,1.11,206.0,17,16,9,133.0,0.14,1,3
724633,278613,1,Sunset,23,46748,K1ra,1119,All Gamers,Omen,0.8,142.0,11,16,7,93.0,0.26,3,3
724633,278613,1,Sunset,23,4720,Haodong,14137,Wuxi Titan Esports Club(Titan Esports Club),Cypher,0.92,198.0,16,19,8,131.0,0.38,2,3
724633,278613,1,Sunset,23,47629,Coco,14137,Wuxi Titan Esports Club(Titan Esports Club),Omen,0.88,157.0,13,16,11,111.0,0.24,1,0
724633,278613,1,Sunset,23,52101,Bai,1119,All Gamers,Cypher,1.06,189.0,14,13,9,125.0,0.27,3,1
724633,278613,1,Sunset,23,58959,iamgrq,1119,All Gamers,Kayo,1.08,208.0,17,14,9,137.0,0.42,1,3
724633,278613,1,Sunset,23,63107,ra1ny,14137,Wuxi Titan Esports Club(Titan Esports Club),Neon,0.54,162.0,11,20,4,111.0,0.21,3,7
724633,278614,2,Ascent,26,19677,lucas,14137,Wuxi Titan Esports Club(Titan Esports Club),Sova,1.41,244.0,22,15,7,165.0,0.25,3,0
724633,278614,2,Ascent,26,21216,f4ngeer,1119,All Gamers,Jett,0.91,189.0,18,19,3,128.0,0.26,5,5
724633,278614,2,Ascent,26,25494,Shr1mp,1119,All Gamers,Sova,1.17,192.0,16,14,8,136.0,0.11,3,0
724633,278614,2,Ascent,26,42235,Dynamite,14137,Wuxi Titan Esports Club(Titan Esports Club),Phoenix,0.96,191.0,15,19,12,136.0,0.16,2,5
724633,278614,2,Ascent,26,46748,K1ra,1119,All Gamers,Omen,1.01,156.0,13,16,18,91.0,0.24,2,2
724633,278614,2,Ascent,26,4720,Haodong,14137,Wuxi Titan Esports Club(Titan Esports Club),Cypher,0.56,82.0,8,16,1,58.0,0.3,0,2
724633,278614,2,Ascent,26,47629,Coco,14137,Wuxi Titan Esports Club(Titan Esports Club),Omen,0.94,150.0,16,16,7,102.0,0.32,2,4
724633,278614,2,Ascent,26,52101,Bai,1119,All Gamers,Cypher,0.78,169.0,14,18,9,108.0,0.18,3,1
724633,278614,2,Ascent,26,58959,iamgrq,1119,All Gamers,Phoenix,1.41,277.0,25,16,9,193.0,0.3,2,3
724633,278614,2,Ascent,26,63107,ra1ny,14137,Wuxi Titan Esports Club(Titan Esports Club),Neon,1.09,260.0,22,20,7,172.0,0.23,4,4
724633,278615,3,Summit,22,19677,lucas,14137,Wuxi Titan Esports Club(Titan Esports Club),Fade,1.36,211.0,19,12,7,128.0,0.22,1,0
724633,278615,3,Summit,22,21216,f4ngeer,1119,All Gamers,Neon,0.35,151.0,11,20,2,95.0,0.21,3,6
724633,278615,3,Summit,22,25494,Shr1mp,1119,All Gamers,Fade,1.32,212.0,18,13,3,133.0,0.21,1,3
724633,278615,3,Summit,22,42235,Dynamite,14137,Wuxi Titan Esports Club(Titan Esports Club),Waylay,1.15,228.0,17,14,6,145.0,0.21,5,1
724633,278615,3,Summit,22,46748,K1ra,1119,All Gamers,Phoenix,0.57,118.0,9,19,8,82.0,0.2,2,2
724633,278615,3,Summit,22,4720,Haodong,14137,Wuxi Titan Esports Club(Titan Esports Club),Cypher,1.36,253.0,21,13,7,157.0,0.36,3,3
724633,278615,3,Summit,22,47629,Coco,14137,Wuxi Titan Esports Club(Titan Esports Club),Astra,1.45,224.0,18,11,8,148.0,0.38,2,0
724633,278615,3,Summit,22,52101,Bai,1119,All Gamers,Viper,0.56,135.0,10,20,3,105.0,0.2,3,1
724633,278615,3,Summit,22,58959,iamgrq,1119,All Gamers,Omen,1.12,252.0,20,17,4,162.0,0.38,1,0
724633,278615,3,Summit,22,63107,ra1ny,14137,Wuxi Titan Esports Club(Titan Esports Club),Raze,0.66,187.0,14,18,6,136.0,0.21,1,6
724634,278616,1,Split,23,10821,deLb,12685,Trace Esports,Viper,1.09,214.0,18,18,4,143.0,0.36,2,2
724634,278616,1,Split,23,11218,Yuicaw,13576,JD Gaming,Viper,1.24,264.0,20,17,7,161.0,0.29,2,3
724634,278616,1,Split,23,3045,LuoK1ng,12685,Trace Esports,Omen,0.98,199.0,16,18,12,119.0,0.25,1,0
724634,278616,1,Split,23,3519,jkuro,13576,JD Gaming,Waylay,1.04,251.0,20,19,5,162.0,0.45,5,6
724634,278616,1,Split,23,37494,Kai,12685,Trace Esports,Waylay,1.35,307.0,25,19,4,193.0,0.29,4,1
724634,278616,1,Split,23,4770,FengF,12685,Trace Esports,Neon,1.21,252.0,21,18,9,175.0,0.3,6,3
724634,278616,1,Split,23,49476,zhe,13576,JD Gaming,Neon,0.61,198.0,16,20,3,115.0,0.25,3,2
724634,278616,1,Split,23,51249,FKEY,12685,Trace Esports,Fade,0.46,101.0,8,19,9,68.0,0.18,0,4
724634,278616,1,Split,23,64969,crownfisher,13576,JD Gaming,Omen,1.45,264.0,23,14,8,189.0,0.34,0,1
724634,278616,1,Split,23,7857,BerLIN,13576,JD Gaming,Skye,0.74,171.0,13,18,12,114.0,0.48,0,1
724634,278617,2,Sunset,21,10821,deLb,12685,Trace Esports,Cypher,1.35,234.0,17,13,5,167.0,0.46,3,0
724634,278617,2,Sunset,21,11218,Yuicaw,13576,JD Gaming,Cypher,0.87,176.0,13,15,3,117.0,0.21,0,0
724634,278617,2,Sunset,21,3045,LuoK1ng,12685,Trace Esports,Omen,0.86,170.0,12,14,10,113.0,0.21,1,2
724634,278617,2,Sunset,21,3519,jkuro,13576,JD Gaming,Phoenix,0.84,196.0,14,16,4,129.0,0.33,2,3
724634,278617,2,Sunset,21,37494,Kai,12685,Trace Esports,Neon,0.45,148.0,10,18,2,95.0,0.31,4,2
724634,278617,2,Sunset,21,4770,FengF,12685,Trace Esports,Sova,1.75,354.0,27,14,2,219.0,0.43,3,2
724634,278617,2,Sunset,21,49476,zhe,13576,JD Gaming,Neon,1.4,317.0,24,15,1,185.0,0.3,5,5
724634,278617,2,Sunset,21,51249,FKEY,12685,Trace Esports,Sage,0.77,143.0,11,14,5,91.0,0.18,2,2
724634,278617,2,Sunset,21,64969,crownfisher,13576,JD Gaming,Omen,0.62,113.0,7,16,11,65.0,0.5,0,3
724634,278617,2,Sunset,21,7857,BerLIN,13576,JD Gaming,Sova,0.93,191.0,15,16,2,129.0,0.26,1,2
724638,278619,1,Sunset,18,19677,lucas,14137,Wuxi Titan Esports Club(Titan Esports Club),Sova,0.88,173.0,10,14,2,114.0,0.18,0,0
724638,278619,1,Sunset,18,36685,splash,731,TYLOO,Neon,0.71,191.0,11,15,8,139.0,0.26,3,4
724638,278619,1,Sunset,18,39485,Scales,731,TYLOO,Sage,1.36,265.0,18,9,2,157.0,0.4,3,0
724638,278619,1,Sunset,18,41739,slowly,731,TYLOO,Chamber,1.39,294.0,18,9,3,200.0,0.2,4,1
724638,278619,1,Sunset,18,42235,Dynamite,14137,Wuxi Titan Esports Club(Titan Esports Club),Phoenix,0.53,134.0,7,16,3,86.0,0.27,2,3
724638,278619,1,Sunset,18,4720,Haodong,14137,Wuxi Titan Esports Club(Titan Esports Club),Cypher,0.48,119.0,8,16,2,71.0,0.33,0,3
724638,278619,1,Sunset,18,47629,Coco,14137,Wuxi Titan Esports Club(Titan Esports Club),Omen,1.12,219.0,13,16,6,145.0,0.34,1,2
724638,278619,1,Sunset,18,55085,Erv,731,TYLOO,Omen,1.2,175.0,12,8,14,129.0,0.41,1,0
724638,278619,1,Sunset,18,63107,ra1ny,14137,Wuxi Titan Esports Club(Titan Esports Club),Neon,0.94,221.0,12,16,4,140.0,0.28,2,5
724638,278619,1,Sunset,18,7849,SiuFatBB,731,TYLOO,Fade,1.48,267.0,19,9,5,176.0,0.36,2,0
724638,278620,2,Haven,19,19677,lucas,14137,Wuxi Titan Esports Club(Titan Esports Club),Sova,0.15,72.0,3,17,5,66.0,0.11,0,5
724638,278620,2,Haven,19,36685,splash,731,TYLOO,Phoenix,0.93,250.0,14,15,13,145.0,0.18,4,2
724638,278620,2,Haven,19,39485,Scales,731,TYLOO,Cypher,1.64,287.0,22,10,1,190.0,0.45,2,1
724638,278620,2,Haven,19,41739,slowly,731,TYLOO,Waylay,1.17,258.0,19,13,5,153.0,0.2,6,2
724638,278620,2,Haven,19,42235,Dynamite,14137,Wuxi Titan Esports Club(Titan Esports Club),Phoenix,0.59,156.0,7,18,9,120.0,0.21,1,2
724638,278620,2,Haven,19,4720,Haodong,14137,Wuxi Titan Esports Club(Titan Esports Club),Cypher,1.05,178.0,14,14,3,95.0,0.21,0,3
724638,278620,2,Haven,19,47629,Coco,14137,Wuxi Titan Esports Club(Titan Esports Club),Omen,0.9,198.0,12,17,12,121.0,0.38,1,1
724638,278620,2,Haven,19,55085,Erv,731,TYLOO,Omen,1.54,259.0,18,9,6,167.0,0.29,1,0
724638,278620,2,Haven,19,63107,ra1ny,14137,Wuxi Titan Esports Club(Titan Esports Club),Neon,1.2,285.0,19,15,1,187.0,0.18,3,3
724638,278620,2,Haven,19,7849,SiuFatBB,731,TYLOO,Sova,1.01,121.0,8,8,9,80.0,0.48,1,0
724639,278622,1,Summit,22,11218,Yuicaw,13576,JD Gaming,Cypher,0.79,181.0,14,18,4,117.0,0.41,4,2
724639,278622,1,Summit,22,3519,jkuro,13576,JD Gaming,Raze,1.13,232.0,20,16,1,145.0,0.39,3,4
724639,278622,1,Summit,22,39697,cb,12064,Nova Esports,Yoru,0.97,149.0,12,13,4,91.0,0.25,3,2
724639,278622,1,Summit,22,41054,GuanG,12064,Nova Esports,Cypher,1.02,167.0,13,12,6,117.0,0.42,0,2
724639,278622,1,Summit,22,43007,qiutiaN,12064,Nova Esports,Fade,1.01,188.0,15,16,5,120.0,0.36,2,3
724639,278622,1,Summit,22,45492,swagzor,12064,Nova Esports,Raze,0.76,234.0,17,19,3,142.0,0.33,4,5
724639,278622,1,Summit,22,46460,Ezeir,12064,Nova Esports,Astra,0.97,218.0,17,16,4,141.0,0.25,1,0
724639,278622,1,Summit,22,49476,zhe,13576,JD Gaming,Neon,1.0,194.0,14,15,5,131.0,0.32,3,2
724639,278622,1,Summit,22,64969,crownfisher,13576,JD Gaming,Omen,1.09,164.0,13,13,13,103.0,0.25,2,0
724639,278622,1,Summit,22,7857,BerLIN,13576,JD Gaming,Fade,1.09,181.0,15,12,7,117.0,0.41,0,2
724639,278623,2,Split,20,11218,Yuicaw,13576,JD Gaming,Viper,1.01,225.0,15,13,2,144.0,0.32,2,5
724639,278623,2,Split,20,3519,jkuro,13576,JD Gaming,Waylay,0.97,193.0,15,12,4,109.0,0.2,0,1
724639,278623,2,Split,20,39697,cb,12064,Nova Esports,Skye,0.98,192.0,14,15,4,108.0,0.12,5,2
724639,278623,2,Split,20,41054,GuanG,12064,Nova Esports,Viper,0.36,112.0,6,18,5,81.0,0.18,0,3
724639,278623,2,Split,20,43007,qiutiaN,12064,Nova Esports,Deadlock,0.86,187.0,13,16,6,123.0,0.21,0,3
724639,278623,2,Split,20,45492,swagzor,12064,Nova Esports,Raze,0.71,197.0,12,18,4,135.0,0.24,5,2
724639,278623,2,Split,20,46460,Ezeir,12064,Nova Esports,Astra,1.25,186.0,14,12,7,106.0,0.24,0,0
724639,278623,2,Split,20,49476,zhe,13576,JD Gaming,Neon,1.25,245.0,19,12,3,143.0,0.15,4,3
724639,278623,2,Split,20,64969,crownfisher,13576,JD Gaming,Omen,1.25,234.0,17,12,6,165.0,0.26,0,1
724639,278623,2,Split,20,7857,BerLIN,13576,JD Gaming,Skye,1.21,178.0,13,10,11,108.0,0.54,4,0
724640,278625,1,Split,16,11527,NoMan,13581,Xi Lai Gaming,Raze,0.52,132.0,6,13,2,99.0,0.32,1,5
724640,278625,1,Split,16,21216,f4ngeer,1119,All Gamers,Jett,2.02,334.0,20,7,3,220.0,0.34,3,1
724640,278625,1,Split,16,22047,Rarga,13581,Xi Lai Gaming,Jett,0.22,140.0,8,16,0,73.0,0.18,1,3
724640,278625,1,Split,16,24308,WsLeo,13581,Xi Lai Gaming,Skye,0.56,169.0,7,15,4,117.0,0.18,0,1
724640,278625,1,Split,16,25494,Shr1mp,1119,All Gamers,Skye,1.39,196.0,13,6,7,117.0,0.34,2,0
724640,278625,1,Split,16,37489,Lysoar,13581,Xi Lai Gaming,Omen,1.12,212.0,11,12,4,138.0,0.32,0,1
724640,278625,1,Split,16,37927,happywei,13581,Xi Lai Gaming,Viper,0.72,168.0,10,14,2,103.0,0.28,2,2
724640,278625,1,Split,16,46748,K1ra,1119,All Gamers,Raze,1.65,387.0,21,10,5,226.0,0.23,5,1
724640,278625,1,Split,16,52101,Bai,1119,All Gamers,Viper,0.87,168.0,11,11,2,115.0,0.22,2,2
724640,278625,1,Split,16,58959,iamgrq,1119,All Gamers,Omen,0.76,101.0,5,8,5,79.0,0.14,0,0
724640,278626,2,Lotus,18,11527,NoMan,13581,Xi Lai Gaming,Neon,1.11,225.0,14,11,7,151.0,0.31,6,2
724640,278626,2,Lotus,18,21216,f4ngeer,1119,All Gamers,Neon,0.43,113.0,8,16,2,72.0,0.38,0,6
724640,278626,2,Lotus,18,22047,Rarga,13581,Xi Lai Gaming,Waylay,1.51,253.0,17,8,5,180.0,0.53,1,0
724640,278626,2,Lotus,18,24308,WsLeo,13581,Xi Lai Gaming,Fade,1.3,217.0,15,9,7,129.0,0.18,5,0
724640,278626,2,Lotus,18,25494,Shr1mp,1119,All Gamers,Fade,0.7,132.0,7,15,4,92.0,0.16,1,3
724640,278626,2,Lotus,18,37489,Lysoar,13581,Xi Lai Gaming,Omen,1.15,229.0,16,10,8,152.0,0.38,1,1
724640,278626,2,Lotus,18,37927,happywei,13581,Xi Lai Gaming,Cypher,1.53,212.0,14,7,5,147.0,0.29,2,0
724640,278626,2,Lotus,18,46748,K1ra,1119,All Gamers,Raze,0.62,143.0,8,16,4,108.0,0.14,0,2
724640,278626,2,Lotus,18,52101,Bai,1119,All Gamers,Cypher,1.08,224.0,16,14,3,134.0,0.26,1,1
724640,278626,2,Lotus,18,58959,iamgrq,1119,All Gamers,Omen,0.55,114.0,6,15,5,68.0,0.24,1,3
724640,278627,3,Sunset,23,11527,NoMan,13581,Xi Lai Gaming,Waylay,1.19,270.0,22,17,5,180.0,0.35,6,0
724640,278627,3,Sunset,23,21216,f4ngeer,1119,All Gamers,Neon,0.83,168.0,15,16,3,107.0,0.43,1,7
724640,278627,3,Sunset,23,22047,Rarga,13581,Xi Lai Gaming,Yoru,0.97,198.0,16,17,4,146.0,0.47,5,3
724640,278627,3,Sunset,23,24308,WsLeo,13581,Xi Lai Gaming,Fade,1.12,253.0,19,18,16,164.0,0.28,2,3
724640,278627,3,Sunset,23,25494,Shr1mp,1119,All Gamers,Sova,1.12,210.0,16,14,7,147.0,0.26,2,1
724640,278627,3,Sunset,23,37489,Lysoar,13581,Xi Lai Gaming,Omen,0.57,72.0,4,15,13,42.0,0.21,1,2
724640,278627,3,Sunset,23,37927,happywei,13581,Xi Lai Gaming,Cypher,1.47,248.0,21,12,1,168.0,0.37,1,0
724640,278627,3,Sunset,23,46748,K1ra,1119,All Gamers,Omen,0.73,167.0,13,18,7,122.0,0.23,3,4
724640,278627,3,Sunset,23,52101,Bai,1119,All Gamers,Cypher,1.41,268.0,24,16,5,165.0,0.3,1,1
724640,278627,3,Sunset,23,58959,iamgrq,1119,All Gamers,Kayo,0.8,159.0,11,18,12,95.0,0.11,1,2
724641,278628,1,Lotus,21,10698,nephh,12010,Guangzhou Huadu Bilibili Gaming(Bilibili Gaming),Omen,0.66,175.0,11,18,10,105.0,0.28,1,4
724641,278628,1,Lotus,21,10821,deLb,12685,Trace Esports,Vyse,0.94,134.0,10,11,6,98.0,0.26,0,0
724641,278628,1,Lotus,21,3045,LuoK1ng,12685,Trace Esports,Omen,1.26,172.0,14,9,6,98.0,0.41,1,1
724641,278628,1,Lotus,21,37494,Kai,12685,Trace Esports,Waylay,1.08,248.0,19,16,3,152.0,0.47,5,2
724641,278628,1,Lotus,21,4770,FengF,12685,Trace Esports,Raze,1.1,238.0,17,14,5,150.0,0.35,4,5
724641,278628,1,Lotus,21,4774,Knight,12010,Guangzhou Huadu Bilibili Gaming(Bilibili Gaming),Fade,1.03,186.0,11,14,9,137.0,0.24,2,2
724641,278628,1,Lotus,21,4885,whzy,12010,Guangzhou Huadu Bilibili Gaming(Bilibili Gaming),Raze,0.61,131.0,9,16,2,87.0,0.16,3,2
724641,278628,1,Lotus,21,48878,rushia,12010,Guangzhou Huadu Bilibili Gaming(Bilibili Gaming),Cypher,0.96,192.0,15,14,2,124.0,0.21,3,1
724641,278628,1,Lotus,21,51249,FKEY,12685,Trace Esports,Fade,0.92,206.0,17,15,3,132.0,0.49,1,2
724641,278628,1,Lotus,21,64029,FT,12010,Guangzhou Huadu Bilibili Gaming(Bilibili Gaming),Waylay,1.33,267.0,19,15,2,179.0,0.34,1,2
724641,278629,2,Sunset,30,10698,nephh,12010,Guangzhou Huadu Bilibili Gaming(Bilibili Gaming),Fade,0.82,153.0,16,21,7,101.0,0.26,1,3
724641,278629,2,Sunset,30,10821,deLb,12685,Trace Esports,Cypher,1.16,244.0,26,21,6,158.0,0.47,3,1
724641,278629,2,Sunset,30,3045,LuoK1ng,12685,Trace Esports,Omen,0.86,160.0,15,21,11,100.0,0.35,2,4
724641,278629,2,Sunset,30,37494,Kai,12685,Trace Esports,Neon,0.72,223.0,22,27,7,146.0,0.24,5,4
724641,278629,2,Sunset,30,4770,FengF,12685,Trace Esports,Sova,1.23,223.0,24,20,5,162.0,0.37,2,2
724641,278629,2,Sunset,30,4774,Knight,12010,Guangzhou Huadu Bilibili Gaming(Bilibili Gaming),Omen,1.41,270.0,27,19,14,169.0,0.23,4,2
724641,278629,2,Sunset,30,4885,whzy,12010,Guangzhou Huadu Bilibili Gaming(Bilibili Gaming),Yoru,1.06,230.0,26,21,3,148.0,0.41,3,4
724641,278629,2,Sunset,30,48878,rushia,12010,Guangzhou Huadu Bilibili Gaming(Bilibili Gaming),Cypher,1.01,220.0,22,20,2,138.0,0.24,3,3
724641,278629,2,Sunset,30,51249,FKEY,12685,Trace Esports,Sage,0.72,128.0,15,21,7,88.0,0.33,3,4
724641,278629,2,Sunset,30,64029,FT,12010,Guangzhou Huadu Bilibili Gaming(Bilibili Gaming),Waylay,0.92,165.0,19,21,5,105.0,0.26,4,3
724641,278630,3,Split,22,10698,nephh,12010,Guangzhou Huadu Bilibili Gaming(Bilibili Gaming),Fade,1.05,154.0,15,12,9,103.0,0.26,1,1
724641,278630,3,Split,22,10821,deLb,12685,Trace Esports,Viper,1.36,246.0,20,14,2,170.0,0.33,2,1
724641,278630,3,Split,22,3045,LuoK1ng,12685,Trace Esports,Omen,1.02,146.0,12,13,7,93.0,0.13,0,1
724641,278630,3,Split,22,37494,Kai,12685,Trace Esports,Waylay,0.38,90.0,6,17,4,60.0,0.13,3,2
724641,278630,3,Split,22,4770,FengF,12685,Trace Esports,Neon,0.77,184.0,13,18,4,109.0,0.33,3,7
724641,278630,3,Split,22,4774,Knight,12010,Guangzhou Huadu Bilibili Gaming(Bilibili Gaming),Omen,1.11,201.0,13,14,12,131.0,0.21,2,2
724641,278630,3,Split,22,4885,whzy,12010,Guangzhou Huadu Bilibili Gaming(Bilibili Gaming),Yoru,1.13,252.0,20,17,4,171.0,0.31,4,5
724641,278630,3,Split,22,48878,rushia,12010,Guangzhou Huadu Bilibili Gaming(Bilibili Gaming),Viper,1.37,248.0,19,11,8,155.0,0.19,4,0
724641,278630,3,Split,22,51249,FKEY,12685,Trace Esports,Fade,0.76,199.0,15,19,5,136.0,0.38,0,3
724641,278630,3,Split,22,64029,FT,12010,Guangzhou Huadu Bilibili Gaming(Bilibili Gaming),Waylay,1.04,177.0,14,12,3,124.0,0.24,3,0
724646,278645,1,Summit,24,19677,lucas,14137,Wuxi Titan Esports Club(Titan Esports Club),Fade,1.2,222.0,18,15,9,138.0,0.23,0,3
724646,278645,1,Summit,24,39697,cb,12064,Nova Esports,Phoenix,0.82,179.0,14,18,6,117.0,0.23,4,5
724646,278645,1,Summit,24,41054,GuanG,12064,Nova Esports,Cypher,0.88,164.0,15,14,5,107.0,0.32,1,3
724646,278645,1,Summit,24,42235,Dynamite,14137,Wuxi Titan Esports Club(Titan Esports Club),Waylay,0.81,202.0,15,20,9,123.0,0.24,7,3
724646,278645,1,Summit,24,43007,qiutiaN,12064,Nova Esports,Fade,0.68,117.0,10,15,5,83.0,0.35,1,2
724646,278645,1,Summit,24,45492,swagzor,12064,Nova Esports,Waylay,1.44,292.0,25,16,5,197.0,0.39,5,1
724646,278645,1,Summit,24,46460,Ezeir,12064,Nova Esports,Astra,1.66,279.0,25,10,13,162.0,0.32,1,1
724646,278645,1,Summit,24,4720,Haodong,14137,Wuxi Titan Esports Club(Titan Esports Club),Cypher,0.84,160.0,15,18,4,102.0,0.28,1,2
724646,278645,1,Summit,24,47629,Coco,14137,Wuxi Titan Esports Club(Titan Esports Club),Astra,1.16,188.0,17,16,12,118.0,0.42,2,2
724646,278645,1,Summit,24,63107,ra1ny,14137,Wuxi Titan Esports Club(Titan Esports Club),Raze,0.55,114.0,8,20,6,75.0,0.13,2,2
724646,278646,2,Sunset,21,19677,lucas,14137,Wuxi Titan Esports Club(Titan Esports Club),Sova,0.65,134.0,8,15,6,111.0,0.09,1,4
724646,278646,2,Sunset,21,39697,cb,12064,Nova Esports,Phoenix,1.2,211.0,16,13,4,139.0,0.28,4,3
724646,278646,2,Sunset,21,41054,GuanG,12064,Nova Esports,Chamber,1.36,248.0,20,12,2,163.0,0.22,3,1
724646,278646,2,Sunset,21,42235,Dynamite,14137,Wuxi Titan Esports Club(Titan Esports Club),Phoenix,1.37,284.0,19,17,8,177.0,0.31,2,2
724646,278646,2,Sunset,21,43007,qiutiaN,12064,Nova Esports,Kayo,1.13,193.0,12,12,17,128.0,0.38,1,0
724646,278646,2,Sunset,21,45492,swagzor,12064,Nova Esports,Neon,0.6,162.0,13,17,3,100.0,0.22,3,3
724646,278646,2,Sunset,21,46460,Ezeir,12064,Nova Esports,Omen,1.46,280.0,22,12,8,202.0,0.34,1,2
724646,278646,2,Sunset,21,4720,Haodong,14137,Wuxi Titan Esports Club(Titan Esports Club),Cypher,0.71,138.0,10,16,3,96.0,0.27,2,1
724646,278646,2,Sunset,21,47629,Coco,14137,Wuxi Titan Esports Club(Titan Esports Club),Omen,0.73,183.0,11,18,6,137.0,0.33,1,1
724646,278646,2,Sunset,21,63107,ra1ny,14137,Wuxi Titan Esports Club(Titan Esports Club),Neon,1.09,236.0,18,17,4,173.0,0.2,3,4
724647,278648,1,Split,28,10821,deLb,12685,Trace Esports,Viper,1.2,245.0,23,19,3,162.0,0.44,3,1
724647,278648,1,Split,28,21216,f4ngeer,1119,All Gamers,Jett,0.85,189.0,19,20,2,119.0,0.24,4,5
724647,278648,1,Split,28,25494,Shr1mp,1119,All Gamers,Skye,0.82,131.0,14,20,10,90.0,0.17,1,1
724647,278648,1,Split,28,3045,LuoK1ng,12685,Trace Esports,Omen,1.09,186.0,19,18,14,126.0,0.37,2,0
724647,278648,1,Split,28,37494,Kai,12685,Trace Esports,Waylay,0.79,185.0,18,20,2,121.0,0.29,4,6
724647,278648,1,Split,28,46748,K1ra,1119,All Gamers,Raze,0.78,209.0,17,22,10,132.0,0.13,4,5
724647,278648,1,Split,28,4770,FengF,12685,Trace Esports,Neon,1.08,222.0,23,19,6,152.0,0.25,4,5
724647,278648,1,Split,28,51249,FKEY,12685,Trace Esports,Fade,0.9,155.0,14,18,4,101.0,0.3,1,2
724647,278648,1,Split,28,52101,Bai,1119,All Gamers,Viper,1.11,230.0,20,18,10,145.0,0.17,3,2
724647,278648,1,Split,28,58959,iamgrq,1119,All Gamers,Omen,1.36,214.0,24,17,9,136.0,0.27,2,1
724647,278649,2,Lotus,28,10821,deLb,12685,Trace Esports,Vyse,1.06,203.0,23,18,5,140.0,0.39,0,4
724647,278649,2,Lotus,28,21216,f4ngeer,1119,All Gamers,Waylay,1.33,302.0,30,22,6,183.0,0.45,9,4
724647,278649,2,Lotus,28,25494,Shr1mp,1119,All Gamers,Fade,0.98,161.0,14,17,10,113.0,0.16,1,2
724647,278649,2,Lotus,28,3045,LuoK1ng,12685,Trace Esports,Omen,0.81,172.0,17,19,6,113.0,0.44,2,2
724647,278649,2,Lotus,28,37494,Kai,12685,Trace Esports,Waylay,0.76,189.0,17,21,4,112.0,0.16,5,4
724647,278649,2,Lotus,28,46748,K1ra,1119,All Gamers,Raze,1.34,279.0,26,21,10,179.0,0.22,4,2
724647,278649,2,Lotus,28,4770,FengF,12685,Trace Esports,Raze,1.0,242.0,22,22,9,157.0,0.22,2,5
724647,278649,2,Lotus,28,51249,FKEY,12685,Trace Esports,Fade,0.79,162.0,18,21,4,104.0,0.29,3,1
724647,278649,2,Lotus,28,52101,Bai,1119,All Gamers,Cypher,0.7,115.0,13,20,2,78.0,0.3,0,2
724647,278649,2,Lotus,28,58959,iamgrq,1119,All Gamers,Omen,1.14,184.0,18,17,13,114.0,0.31,2,2
724647,278650,3,Ascent,22,10821,deLb,12685,Trace Esports,Cypher,0.66,166.0,12,19,6,127.0,0.29,0,0
724647,278650,3,Ascent,22,21216,f4ngeer,1119,All Gamers,Jett,1.25,276.0,23,15,1,168.0,0.23,5,4
724647,278650,3,Ascent,22,25494,Shr1mp,1119,All Gamers,Sova,1.33,208.0,17,12,7,141.0,0.21,2,3
724647,278650,3,Ascent,22,3045,LuoK1ng,12685,Trace Esports,Omen,0.98,180.0,13,15,12,127.0,0.26,1,1
724647,278650,3,Ascent,22,37494,Kai,12685,Trace Esports,Jett,1.0,215.0,17,17,2,125.0,0.22,6,8
724647,278650,3,Ascent,22,46748,K1ra,1119,All Gamers,Omen,1.53,305.0,24,16,10,184.0,0.16,4,2
724647,278650,3,Ascent,22,4770,FengF,12685,Trace Esports,Sova,0.99,175.0,14,15,4,117.0,0.18,0,1
724647,278650,3,Ascent,22,51249,FKEY,12685,Trace Esports,Kayo,0.98,210.0,16,17,9,144.0,0.52,2,3
724647,278650,3,Ascent,22,52101,Bai,1119,All Gamers,Cypher,0.63,121.0,9,14,5,83.0,0.21,0,0
724647,278650,3,Ascent,22,58959,iamgrq,1119,All Gamers,Phoenix,0.76,151.0,10,16,8,106.0,0.17,2,0
729670,278926,1,Summit,22,10146,reazy,20085,Fire Flux Esports,Viper,0.58,82.0,7,12,2,56.0,0.16,2,2
729670,278926,1,Summit,22,10971,RieNs,1001,Team Heretics,Sova,0.95,122.0,8,11,7,91.0,0.16,2,2
729670,278926,1,Summit,22,1144,Boo,1001,Team Heretics,Astra,1.59,277.0,22,12,7,183.0,0.47,3,1
729670,278926,1,Summit,22,18615,batujnax,20085,Fire Flux Esports,Fade,1.05,222.0,15,15,11,141.0,0.24,2,2
729670,278926,1,Summit,22,21328,Wo0t,1001,Team Heretics,Yoru,1.45,265.0,20,11,8,160.0,0.32,2,3
729670,278926,1,Summit,22,23365,koshmaras,1001,Team Heretics,Neon,0.71,153.0,13,17,3,101.0,0.29,2,4
729670,278926,1,Summit,22,29873,benjyfishy,1001,Team Heretics,Cypher,0.89,158.0,12,15,6,109.0,0.36,1,2
729670,278926,1,Summit,22,5564,DeadInk,20085,Fire Flux Esports,Chamber,0.49,101.0,7,17,3,71.0,0.27,1,2
729670,278926,1,Summit,22,55694,hezacoil,20085,Fire Flux Esports,Omen,1.02,174.0,15,14,6,118.0,0.32,3,1
729670,278926,1,Summit,22,58496,Kachoww,20085,Fire Flux Esports,Neon,1.19,292.0,22,17,5,180.0,0.39,4,3
729670,278927,2,Sunset,15,10146,reazy,20085,Fire Flux Esports,Cypher,1.01,117.0,8,5,4,77.0,0.15,0,2
729670,278927,2,Sunset,15,10971,RieNs,1001,Team Heretics,Fade,0.99,252.0,12,13,2,159.0,0.36,3,2
729670,278927,2,Sunset,15,1144,Boo,1001,Team Heretics,Omen,0.55,167.0,8,15,6,109.0,0.23,0,1
729670,278927,2,Sunset,15,18615,batujnax,20085,Fire Flux Esports,Kayo,1.13,192.0,8,9,15,149.0,0.09,2,0
729670,278927,2,Sunset,15,21328,Wo0t,1001,Team Heretics,Chamber,0.36,104.0,5,14,3,68.0,0.25,1,1
729670,278927,2,Sunset,15,23365,koshmaras,1001,Team Heretics,Neon,0.24,128.0,6,16,4,87.0,0.26,2,4
729670,278927,2,Sunset,15,29873,benjyfishy,1001,Team Heretics,Sage,0.38,112.0,6,14,1,72.0,0.31,1,0
729670,278927,2,Sunset,15,5564,DeadInk,20085,Fire Flux Esports,Waylay,1.49,230.0,13,6,4,138.0,0.19,2,2
729670,278927,2,Sunset,15,55694,hezacoil,20085,Fire Flux Esports,Omen,1.42,251.0,14,9,7,158.0,0.52,2,2
729670,278927,2,Sunset,15,58496,Kachoww,20085,Fire Flux Esports,Neon,2.55,499.0,29,8,5,310.0,0.37,2,1
729670,278928,3,Ascent,22,10146,reazy,20085,Fire Flux Esports,Sova,1.04,184.0,14,14,10,128.0,0.29,4,0
729670,278928,3,Ascent,22,10971,RieNs,1001,Team Heretics,Sova,1.0,229.0,15,16,9,161.0,0.25,1,3
729670,278928,3,Ascent,22,1144,Boo,1001,Team Heretics,Omen,0.82,116.0,10,14,7,64.0,0.22,0,1
729670,278928,3,Ascent,22,18615,batujnax,20085,Fire Flux Esports,Deadlock,1.27,235.0,20,12,6,136.0,0.19,3,2
729670,278928,3,Ascent,22,21328,Wo0t,1001,Team Heretics,Jett,0.72,138.0,11,15,4,95.0,0.19,2,4
729670,278928,3,Ascent,22,23365,koshmaras,1001,Team Heretics,Phoenix,0.86,204.0,14,18,12,147.0,0.16,2,4
729670,278928,3,Ascent,22,29873,benjyfishy,1001,Team Heretics,Cypher,1.19,247.0,19,16,6,153.0,0.27,3,2
729670,278928,3,Ascent,22,5564,DeadInk,20085,Fire Flux Esports,Yoru,1.25,224.0,18,13,3,137.0,0.25,5,1
729670,278928,3,Ascent,22,55694,hezacoil,20085,Fire Flux Esports,Cypher,1.12,197.0,14,13,8,140.0,0.33,2,2
729670,278928,3,Ascent,22,58496,Kachoww,20085,Fire Flux Esports,Omen,0.74,185.0,13,17,8,125.0,0.2,0,3
729671,278929,1,Summit,22,10307,marteen,12694,Gentle Mates,Phoenix,0.55,139.0,9,18,5,95.0,0.37,2,5
729671,278929,1,Summit,22,10338,Lime,876,Enterprise Esports,Yoru,1.0,188.0,13,14,8,124.0,0.41,1,3
729671,278929,1,Summit,22,1524,H1ber,12694,Gentle Mates,Cypher,1.01,163.0,15,15,3,96.0,0.33,1,1
729671,278929,1,Summit,22,2173,MAGNUM,876,Enterprise Esports,Cypher,1.12,242.0,18,12,7,145.0,0.29,3,1
729671,278929,1,Summit,22,23169,Minny,12694,Gentle Mates,Neon,0.63,173.0,14,18,0,104.0,0.16,5,3
729671,278929,1,Summit,22,309,paTiTek,876,Enterprise Esports,Brimstone,1.2,197.0,17,13,5,115.0,0.2,2,1
729671,278929,1,Summit,22,3674,iluri,876,Enterprise Esports,Sova,0.78,124.0,10,13,7,95.0,0.27,1,1
729671,278929,1,Summit,22,45494,Proxh,12694,Gentle Mates,Omen,0.55,156.0,11,19,8,124.0,0.26,0,1
729671,278929,1,Summit,22,55681,kozzy,876,Enterprise Esports,Neon,1.86,338.0,27,13,6,202.0,0.46,5,4
729671,278929,1,Summit,22,565,starxo,12694,Gentle Mates,Fade,1.15,203.0,16,15,5,129.0,0.29,2,2
729671,278930,2,Lotus,19,10307,marteen,12694,Gentle Mates,Raze,1.02,254.0,15,17,5,170.0,0.2,0,2
729671,278930,2,Lotus,19,10338,Lime,876,Enterprise Esports,Neon,1.14,234.0,17,13,6,143.0,0.3,6,0
729671,278930,2,Lotus,19,1524,H1ber,12694,Gentle Mates,Cypher,1.18,223.0,15,15,3,146.0,0.26,0,4
729671,278930,2,Lotus,19,2173,MAGNUM,876,Enterprise Esports,Vyse,1.44,227.0,15,8,4,157.0,0.38,4,0
729671,278930,2,Lotus,19,23169,Minny,12694,Gentle Mates,Neon,0.46,139.0,9,18,2,91.0,0.2,1,4
729671,278930,2,Lotus,19,309,paTiTek,876,Enterprise Esports,Omen,0.98,200.0,13,13,9,134.0,0.18,2,1
729671,278930,2,Lotus,19,3674,iluri,876,Enterprise Esports,Skye,1.58,267.0,20,10,9,173.0,0.5,0,0
729671,278930,2,Lotus,19,45494,Proxh,12694,Gentle Mates,Omen,0.55,132.0,8,16,6,84.0,0.33,1,3
729671,278930,2,Lotus,19,55681,kozzy,876,Enterprise Esports,Raze,1.11,216.0,16,11,5,166.0,0.37,3,3
729671,278930,2,Lotus,19,565,starxo,12694,Gentle Mates,Fade,0.56,124.0,8,15,5,80.0,0.44,2,2
729672,278932,1,Lotus,28,12670,nekky,6392,Eternal Fire,Fade,0.74,201.0,19,22,11,119.0,0.21,0,1
729672,278932,1,Lotus,28,12793,xeus,1184,FUT Esports,Waylay,1.5,303.0,32,20,7,184.0,0.52,3,4
729672,278932,1,Lotus,28,15735,KROSTALY,1184,FUT Esports,Skye,0.83,160.0,16,20,14,97.0,0.37,2,0
729672,278932,1,Lotus,28,39357,s0pp,1184,FUT Esports,Neon,1.05,215.0,22,20,8,130.0,0.19,5,1
729672,278932,1,Lotus,28,40843,audaz,6392,Eternal Fire,Omen,0.97,158.0,16,20,16,91.0,0.36,1,2
729672,278932,1,Lotus,28,41718,Spear,6392,Eternal Fire,Raze,1.3,270.0,24,20,7,196.0,0.28,3,3
729672,278932,1,Lotus,28,41720,Favian,6392,Eternal Fire,Neon,0.73,162.0,16,22,7,100.0,0.2,1,7
729672,278932,1,Lotus,28,49346,echo,6392,Eternal Fire,Cypher,1.07,238.0,23,20,2,154.0,0.39,6,4
729672,278932,1,Lotus,28,5568,sociablEE,1184,FUT Esports,Omen,0.66,117.0,9,19,13,77.0,0.15,3,5
729672,278932,1,Lotus,28,8369,yetujey,1184,FUT Esports,Viper,1.26,258.0,25,19,9,177.0,0.3,4,1
729672,278933,2,Ascent,22,12670,nekky,6392,Eternal Fire,Sova,0.84,189.0,12,18,9,143.0,0.3,0,3
729672,278933,2,Ascent,22,12793,xeus,1184,FUT Esports,Phoenix,1.39,271.0,20,16,12,187.0,0.38,2,2
729672,278933,2,Ascent,22,15735,KROSTALY,1184,FUT Esports,Sova,1.17,192.0,15,12,8,141.0,0.3,2,1
729672,278933,2,Ascent,22,39357,s0pp,1184,FUT Esports,Neon,1.46,340.0,29,14,2,200.0,0.17,8,3
729672,278933,2,Ascent,22,40843,audaz,6392,Eternal Fire,Omen,0.85,149.0,12,18,11,96.0,0.29,1,1
729672,278933,2,Ascent,22,41718,Spear,6392,Eternal Fire,Jett,0.86,190.0,14,18,1,126.0,0.2,3,4
729672,278933,2,Ascent,22,41720,Favian,6392,Eternal Fire,Waylay,0.77,177.0,15,20,1,126.0,0.45,2,5
729672,278933,2,Ascent,22,49346,echo,6392,Eternal Fire,Vyse,0.85,186.0,13,18,8,142.0,0.29,2,1
729672,278933,2,Ascent,22,5568,sociablEE,1184,FUT Esports,Omen,0.67,93.0,8,12,12,55.0,0.27,0,2
729672,278933,2,Ascent,22,8369,yetujey,1184,FUT Esports,Cypher,1.36,240.0,20,12,9,172.0,0.32,2,0
729673,278935,1,Lotus,28,10146,reazy,20085,Fire Flux Esports,Viper,0.85,183.0,19,21,7,134.0,0.3,1,1
729673,278935,1,Lotus,28,10338,Lime,876,Enterprise Esports,Neon,0.88,219.0,22,22,6,137.0,0.25,6,3
729673,278935,1,Lotus,28,18615,batujnax,20085,Fire Flux Esports,Fade,0.68,170.0,15,23,8,128.0,0.22,2,6
729673,278935,1,Lotus,28,2173,MAGNUM,876,Enterprise Esports,Vyse,1.46,288.0,27,17,7,186.0,0.33,2,6
729673,278935,1,Lotus,28,309,paTiTek,876,Enterprise Esports,Omen,0.73,157.0,15,21,6,111.0,0.27,3,1
729673,278935,1,Lotus,28,3674,iluri,876,Enterprise Esports,Skye,1.22,210.0,21,18,9,136.0,0.45,1,4
729673,278935,1,Lotus,28,5564,DeadInk,20085,Fire Flux Esports,Raze,1.05,235.0,24,22,1,153.0,0.3,6,1
729673,278935,1,Lotus,28,55681,kozzy,876,Enterprise Esports,Raze,1.07,215.0,22,21,6,150.0,0.19,0,2
729673,278935,1,Lotus,28,55694,hezacoil,20085,Fire Flux Esports,Vyse,0.89,173.0,16,20,5,117.0,0.47,3,3
729673,278935,1,Lotus,28,58496,Kachoww,20085,Fire Flux Esports,Omen,1.15,238.0,25,21,6,153.0,0.36,4,1
729673,278936,2,Split,23,10146,reazy,20085,Fire Flux Esports,Omen,0.87,158.0,13,15,5,115.0,0.33,2,3
729673,278936,2,Split,23,10338,Lime,876,Enterprise Esports,Phoenix,1.3,247.0,22,13,2,150.0,0.4,3,2
729673,278936,2,Split,23,18615,batujnax,20085,Fire Flux Esports,Skye,0.99,219.0,17,16,7,136.0,0.29,3,3
729673,278936,2,Split,23,2173,MAGNUM,876,Enterprise Esports,Viper,1.04,195.0,14,13,7,128.0,0.19,1,2
729673,278936,2,Split,23,309,paTiTek,876,Enterprise Esports,Omen,1.27,193.0,15,12,12,135.0,0.25,0,1
729673,278936,2,Split,23,3674,iluri,876,Enterprise Esports,Fade,0.6,104.0,8,14,4,66.0,0.33,2,4
729673,278936,2,Split,23,5564,DeadInk,20085,Fire Flux Esports,Waylay,1.12,209.0,16,16,6,132.0,0.22,5,0
729673,278936,2,Split,23,55681,kozzy,876,Enterprise Esports,Neon,0.99,230.0,18,17,3,147.0,0.38,3,5
729673,278936,2,Split,23,55694,hezacoil,20085,Fire Flux Esports,Astra,1.01,148.0,10,13,9,104.0,0.33,1,1
729673,278936,2,Split,23,58496,Kachoww,20085,Fire Flux Esports,Neon,0.84,167.0,13,17,4,123.0,0.31,3,2
729674,278938,1,Split,24,10307,marteen,12694,Gentle Mates,Yoru,1.15,241.0,21,19,3,162.0,0.43,4,4
729674,278938,1,Split,24,1524,H1ber,12694,Gentle Mates,Viper,0.91,193.0,14,18,7,139.0,0.36,1,5
729674,278938,1,Split,24,23169,Minny,12694,Gentle Mates,Jett,0.54,148.0,14,20,1,94.0,0.21,1,5
729674,278938,1,Split,24,3127,MONSTEERR,14478,Eintracht Frankfurt,Vyse,0.94,201.0,17,18,10,144.0,0.22,1,1
729674,278938,1,Split,24,4325,musashi,14478,Eintracht Frankfurt,Raze,1.05,237.0,20,17,5,141.0,0.14,7,2
729674,278938,1,Split,24,45494,Proxh,12694,Gentle Mates,Omen,0.86,183.0,15,19,8,126.0,0.35,0,1
729674,278938,1,Split,24,4629,azury,14478,Eintracht Frankfurt,Fade,1.55,261.0,22,11,9,169.0,0.25,4,0
729674,278938,1,Split,24,565,starxo,12694,Gentle Mates,Fade,0.7,149.0,13,19,4,92.0,0.24,2,1
729674,278938,1,Split,24,57336,Jamelinho213,14478,Eintracht Frankfurt,Neon,1.16,260.0,22,17,5,172.0,0.45,4,3
729674,278938,1,Split,24,7660,Fizzy,14478,Eintracht Frankfurt,Astra,0.96,136.0,14,14,8,89.0,0.21,0,2
729674,278939,2,Haven,22,10307,marteen,12694,Gentle Mates,Phoenix,1.05,210.0,17,14,7,136.0,0.37,2,1
729674,278939,2,Haven,22,1524,H1ber,12694,Gentle Mates,Cypher,0.38,87.0,5,16,5,68.0,0.29,0,3
729674,278939,2,Haven,22,23169,Minny,12694,Gentle Mates,Jett,0.88,203.0,16,17,2,120.0,0.38,6,6
729674,278939,2,Haven,22,3127,MONSTEERR,14478,Eintracht Frankfurt,Vyse,1.23,221.0,18,13,5,147.0,0.36,3,2
729674,278939,2,Haven,22,4325,musashi,14478,Eintracht Frankfurt,Sova,0.72,126.0,9,14,8,84.0,0.16,0,2
729674,278939,2,Haven,22,45494,Proxh,12694,Gentle Mates,Omen,1.12,254.0,20,17,4,169.0,0.32,1,2
729674,278939,2,Haven,22,4629,azury,14478,Eintracht Frankfurt,Breach,1.09,230.0,18,16,13,133.0,0.3,2,0
729674,278939,2,Haven,22,565,starxo,12694,Gentle Mates,Sova,0.99,197.0,14,17,8,131.0,0.2,0,1
729674,278939,2,Haven,22,57336,Jamelinho213,14478,Eintracht Frankfurt,Neon,0.79,209.0,13,18,9,142.0,0.33,7,5
729674,278939,2,Haven,22,7660,Fizzy,14478,Eintracht Frankfurt,Astra,1.79,261.0,23,11,9,154.0,0.29,1,0
729675,278941,1,Sunset,28,10971,RieNs,1001,Team Heretics,Sova,0.78,187.0,15,22,9,132.0,0.29,2,2
729675,278941,1,Sunset,28,1144,Boo,1001,Team Heretics,Omen,0.67,143.0,13,20,9,89.0,0.42,0,5
729675,278941,1,Sunset,28,11917,ExiT,4915,Natus Vincere,Phoenix,1.08,252.0,22,22,12,164.0,0.24,2,4
729675,278941,1,Sunset,28,15639,chloric,4915,Natus Vincere,Sova,1.21,210.0,21,15,8,140.0,0.43,2,2
729675,278941,1,Sunset,28,18677,Ruxic,4915,Natus Vincere,Omen,1.01,188.0,16,19,18,123.0,0.16,2,0
729675,278941,1,Sunset,28,21328,Wo0t,1001,Team Heretics,Chamber,1.2,229.0,24,21,2,139.0,0.18,4,0
729675,278941,1,Sunset,28,23365,koshmaras,1001,Team Heretics,Neon,1.27,269.0,26,20,4,179.0,0.32,6,2
729675,278941,1,Sunset,28,29867,hiro,4915,Natus Vincere,Cypher,1.19,227.0,26,20,1,166.0,0.41,1,3
729675,278941,1,Sunset,28,29873,benjyfishy,1001,Team Heretics,Sage,1.15,205.0,21,17,8,135.0,0.41,5,2
729675,278941,1,Sunset,28,37925,Kolosha,4915,Natus Vincere,Neon,0.56,150.0,15,23,2,111.0,0.29,4,8
729675,278942,2,Haven,24,10971,RieNs,1001,Team Heretics,Fade,0.81,151.0,11,18,10,101.0,0.29,1,1
729675,278942,2,Haven,24,1144,Boo,1001,Team Heretics,Omen,1.32,209.0,19,14,6,142.0,0.32,1,2
729675,278942,2,Haven,24,11917,ExiT,4915,Natus Vincere,Phoenix,0.93,225.0,19,19,8,151.0,0.27,4,4
729675,278942,2,Haven,24,15639,chloric,4915,Natus Vincere,Sova,0.31,95.0,7,21,9,74.0,0.14,0,1
729675,278942,2,Haven,24,18677,Ruxic,4915,Natus Vincere,Astra,1.16,194.0,17,13,13,132.0,0.22,0,3
729675,278942,2,Haven,24,21328,Wo0t,1001,Team Heretics,Chamber,1.73,355.0,30,19,5,224.0,0.3,5,4
729675,278942,2,Haven,24,23365,koshmaras,1001,Team Heretics,Neon,0.83,206.0,17,20,2,124.0,0.24,4,3
729675,278942,2,Haven,24,29867,hiro,4915,Natus Vincere,Chamber,1.58,321.0,30,16,3,195.0,0.42,8,3
729675,278942,2,Haven,24,29873,benjyfishy,1001,Team Heretics,Vyse,0.54,131.0,10,20,4,91.0,0.25,0,3
729675,278942,2,Haven,24,37925,Kolosha,4915,Natus Vincere,Neon,0.84,210.0,18,18,4,138.0,0.3,1,0
729675,278943,3,Summit,20,10971,RieNs,1001,Team Heretics,Sova,1.17,216.0,16,13,6,150.0,0.53,0,2
729675,278943,3,Summit,20,1144,Boo,1001,Team Heretics,Astra,1.7,282.0,21,9,8,186.0,0.43,0,0
729675,278943,3,Summit,20,11917,ExiT,4915,Natus Vincere,Phoenix,0.73,186.0,12,17,4,124.0,0.29,1,1
729675,278943,3,Summit,20,15639,chloric,4915,Natus Vincere,Sova,1.13,247.0,16,15,6,181.0,0.28,2,2
729675,278943,3,Summit,20,18677,Ruxic,4915,Natus Vincere,Astra,0.89,185.0,12,18,11,111.0,0.22,1,0
729675,278943,3,Summit,20,21328,Wo0t,1001,Team Heretics,Yoru,0.91,180.0,13,13,6,118.0,0.35,4,3
729675,278943,3,Summit,20,23365,koshmaras,1001,Team Heretics,Neon,0.72,150.0,11,14,5,86.0,0.22,4,4
729675,278943,3,Summit,20,29867,hiro,4915,Natus Vincere,Chamber,0.53,98.0,8,14,2,67.0,0.27,1,5
729675,278943,3,Summit,20,29873,benjyfishy,1001,Team Heretics,Cypher,1.46,272.0,20,11,4,197.0,0.29,3,0
729675,278943,3,Summit,20,37925,Kolosha,4915,Natus Vincere,Neon,0.76,194.0,12,17,7,119.0,0.18,4,3
729676,278944,1,Lotus,19,1369,doma,11232,Joblife,Cypher,0.85,117.0,7,10,8,79.0,0.11,1,1
729676,278944,1,Lotus,19,1475,kamyk,11232,Joblife,Omen,1.16,186.0,13,10,4,133.0,0.34,0,2
729676,278944,1,Lotus,19,21610,runneR,11232,Joblife,Raze,1.28,214.0,16,11,3,172.0,0.4,2,3
729676,278944,1,Lotus,19,24424,Pa1ze,11232,Joblife,Neon,1.49,358.0,24,14,1,219.0,0.45,8,1
729676,278944,1,Lotus,19,28948,NINJA,3478,PCIFIC Esports,Chamber,1.29,244.0,17,13,2,161.0,0.26,3,3
729676,278944,1,Lotus,19,4521,UNFAKE,11232,Joblife,Fade,1.18,209.0,15,12,4,136.0,0.31,0,1
729676,278944,1,Lotus,19,5292,al0rante,3478,PCIFIC Esports,Viper,0.42,117.0,7,15,3,79.0,0.3,2,1
729676,278944,1,Lotus,19,7105,qpert,3478,PCIFIC Esports,Omen,0.6,134.0,8,16,9,82.0,0.2,2,5
729676,278944,1,Lotus,19,8226,waddle,3478,PCIFIC Esports,Fade,0.37,99.0,7,16,4,61.0,0.54,1,0
729676,278944,1,Lotus,19,8376,seven,3478,PCIFIC Esports,Raze,1.2,262.0,18,15,1,173.0,0.33,0,2
729676,278945,2,Ascent,21,1369,doma,11232,Joblife,Cypher,0.99,185.0,14,16,4,114.0,0.21,0,2
729676,278945,2,Ascent,21,1475,kamyk,11232,Joblife,Omen,0.68,120.0,10,16,4,74.0,0.15,1,1
729676,278945,2,Ascent,21,21610,runneR,11232,Joblife,Kayo,0.85,192.0,12,18,9,136.0,0.32,3,1
729676,278945,2,Ascent,21,24424,Pa1ze,11232,Joblife,Jett,0.93,238.0,17,17,6,157.0,0.29,5,5
729676,278945,2,Ascent,21,28948,NINJA,3478,PCIFIC Esports,Chamber,1.28,218.0,17,12,4,153.0,0.16,3,5
729676,278945,2,Ascent,21,4521,UNFAKE,11232,Joblife,Sova,0.75,167.0,13,16,2,107.0,0.31,1,2
729676,278945,2,Ascent,21,5292,al0rante,3478,PCIFIC Esports,Cypher,1.24,225.0,19,12,6,141.0,0.34,2,1
729676,278945,2,Ascent,21,7105,qpert,3478,PCIFIC Esports,Omen,0.52,133.0,10,16,5,79.0,0.28,4,1
729676,278945,2,Ascent,21,8226,waddle,3478,PCIFIC Esports,Sova,2.04,356.0,28,10,8,229.0,0.43,2,0
729676,278945,2,Ascent,21,8376,seven,3478,PCIFIC Esports,Phoenix,0.67,145.0,9,16,8,107.0,0.19,0,3
729676,278946,3,Split,23,1369,doma,11232,Joblife,Omen,1.06,186.0,15,13,9,121.0,0.28,1,1
729676,278946,3,Split,23,1475,kamyk,11232,Joblife,Viper,1.04,172.0,12,13,10,126.0,0.28,2,2
729676,278946,3,Split,23,21610,runneR,11232,Joblife,Raze,1.42,277.0,24,15,3,186.0,0.18,5,1
729676,278946,3,Split,23,24424,Pa1ze,11232,Joblife,Neon,1.03,208.0,17,15,2,129.0,0.24,5,4
729676,278946,3,Split,23,28948,NINJA,3478,PCIFIC Esports,Fade,0.83,136.0,12,15,6,94.0,0.18,1,3
729676,278946,3,Split,23,4521,UNFAKE,11232,Joblife,Skye,1.02,136.0,11,13,9,92.0,0.31,2,0
729676,278946,3,Split,23,5292,al0rante,3478,PCIFIC Esports,Viper,1.08,185.0,16,14,7,125.0,0.42,1,1
729676,278946,3,Split,23,7105,qpert,3478,PCIFIC Esports,Omen,0.76,166.0,13,17,5,116.0,0.27,1,3
729676,278946,3,Split,23,8226,waddle,3478,PCIFIC Esports,Phoenix,1.2,271.0,19,16,9,197.0,0.34,3,3
729676,278946,3,Split,23,8376,seven,3478,PCIFIC Esports,Neon,0.66,134.0,9,17,7,100.0,0.27,2,5
729677,278947,1,Sunset,19,11332,ara,14419,GIANTX,Neon,0.76,153.0,10,15,4,112.0,0.12,1,2
729677,278947,1,Sunset,19,2653,Jesse,14419,GIANTX,Omen,1.08,209.0,14,13,5,139.0,0.36,2,0
729677,278947,1,Sunset,19,34684,westside,14419,GIANTX,Cypher,0.95,179.0,12,14,2,129.0,0.36,2,5
729677,278947,1,Sunset,19,4,crashies,2593,FNATIC,Cypher,1.05,168.0,13,10,3,124.0,0.27,0,0
729677,278947,1,Sunset,19,4181,Cloud,2593,FNATIC,Sova,1.22,188.0,14,11,4,143.0,0.37,1,1
729677,278947,1,Sunset,19,438,Boaster,2593,FNATIC,Omen,1.05,131.0,9,8,9,99.0,0.36,1,1
729677,278947,1,Sunset,19,6582,neT,14419,GIANTX,Sova,0.76,189.0,11,16,3,134.0,0.37,0,4
729677,278947,1,Sunset,19,6959,Flickless,14419,GIANTX,Phoenix,0.41,75.0,5,16,2,51.0,0.36,0,3
729677,278947,1,Sunset,19,9554,kaajak,2593,FNATIC,Yoru,1.32,271.0,19,12,2,167.0,0.31,4,2
729677,278947,1,Sunset,19,9810,Alfajer,2593,FNATIC,Waylay,1.34,286.0,19,11,8,181.0,0.44,8,1
729677,278948,2,Split,19,11332,ara,14419,GIANTX,Neon,0.26,124.0,7,19,2,87.0,0.22,1,4
729677,278948,2,Split,19,2653,Jesse,14419,GIANTX,Omen,0.79,145.0,8,16,6,89.0,0.36,0,1
729677,278948,2,Split,19,34684,westside,14419,GIANTX,Phoenix,1.09,274.0,18,16,1,166.0,0.47,1,5
729677,278948,2,Split,19,4,crashies,2593,FNATIC,Viper,1.29,270.0,19,11,6,169.0,0.26,2,2
729677,278948,2,Split,19,4181,Cloud,2593,FNATIC,Skye,0.84,175.0,12,13,6,104.0,0.16,3,0
729677,278948,2,Split,19,438,Boaster,2593,FNATIC,Omen,0.77,102.0,6,10,13,64.0,0.14,0,0
729677,278948,2,Split,19,6582,neT,14419,GIANTX,Fade,0.9,191.0,11,16,3,129.0,0.29,2,2
729677,278948,2,Split,19,6959,Flickless,14419,GIANTX,Viper,0.75,171.0,12,14,1,116.0,0.33,0,3
729677,278948,2,Split,19,9554,kaajak,2593,FNATIC,Waylay,1.28,216.0,18,11,2,162.0,0.31,3,1
729677,278948,2,Split,19,9810,Alfajer,2593,FNATIC,Neon,1.78,368.0,26,11,2,222.0,0.33,7,1
729678,278950,1,Lotus,24,10971,RieNs,1001,Team Heretics,Viper,1.29,291.0,23,19,11,183.0,0.54,2,1
729678,278950,1,Lotus,24,1144,Boo,1001,Team Heretics,Fade,0.78,162.0,15,17,5,103.0,0.38,2,4
729678,278950,1,Lotus,24,21328,Wo0t,1001,Team Heretics,Raze,1.27,277.0,24,17,2,168.0,0.36,5,2
729678,278950,1,Lotus,24,23365,koshmaras,1001,Team Heretics,Omen,0.49,110.0,8,18,11,85.0,0.3,0,4
729678,278950,1,Lotus,24,29873,benjyfishy,1001,Team Heretics,Vyse,0.96,179.0,15,16,9,111.0,0.43,3,1
729678,278950,1,Lotus,24,3127,MONSTEERR,14478,Eintracht Frankfurt,Vyse,0.9,205.0,17,19,2,152.0,0.43,4,3
729678,278950,1,Lotus,24,4325,musashi,14478,Eintracht Frankfurt,Fade,0.58,118.0,9,19,12,82.0,0.13,0,1
729678,278950,1,Lotus,24,4629,azury,14478,Eintracht Frankfurt,Viper,1.52,244.0,21,13,6,157.0,0.22,3,2
729678,278950,1,Lotus,24,57336,Jamelinho213,14478,Eintracht Frankfurt,Raze,1.09,223.0,19,18,6,156.0,0.22,4,4
729678,278950,1,Lotus,24,7660,Fizzy,14478,Eintracht Frankfurt,Omen,1.27,233.0,21,16,12,150.0,0.25,1,2
729678,278951,2,Haven,20,10971,RieNs,1001,Team Heretics,Fade,0.83,184.0,12,17,6,138.0,0.38,1,2
729678,278951,2,Haven,20,1144,Boo,1001,Team Heretics,Omen,1.05,221.0,15,15,7,142.0,0.38,1,2
729678,278951,2,Haven,20,21328,Wo0t,1001,Team Heretics,Chamber,1.04,225.0,15,14,3,136.0,0.2,5,2
729678,278951,2,Haven,20,23365,koshmaras,1001,Team Heretics,Neon,0.49,156.0,10,17,4,103.0,0.2,2,3
729678,278951,2,Haven,20,29873,benjyfishy,1001,Team Heretics,Vyse,0.95,179.0,14,13,1,120.0,0.4,0,2
729678,278951,2,Haven,20,3127,MONSTEERR,14478,Eintracht Frankfurt,Vyse,0.92,204.0,13,15,9,147.0,0.24,1,2
729678,278951,2,Haven,20,4325,musashi,14478,Eintracht Frankfurt,Sova,1.37,230.0,17,12,6,150.0,0.2,4,1
729678,278951,2,Haven,20,4629,azury,14478,Eintracht Frankfurt,Breach,1.65,279.0,20,10,14,177.0,0.33,0,0
729678,278951,2,Haven,20,57336,Jamelinho213,14478,Eintracht Frankfurt,Neon,0.87,170.0,13,15,5,121.0,0.23,2,4
729678,278951,2,Haven,20,7660,Fizzy,14478,Eintracht Frankfurt,Astra,1.02,188.0,13,14,7,114.0,0.17,4,2
729680,278953,1,Lotus,24,1369,doma,11232,Joblife,Cypher,1.03,173.0,16,16,2,105.0,0.33,3,1
729680,278953,1,Lotus,24,1475,kamyk,11232,Joblife,Omen,1.34,237.0,20,15,14,169.0,0.41,2,2
729680,278953,1,Lotus,24,21610,runneR,11232,Joblife,Raze,0.77,180.0,15,18,5,111.0,0.12,1,4
729680,278953,1,Lotus,24,24424,Pa1ze,11232,Joblife,Neon,1.48,357.0,28,20,8,219.0,0.31,7,3
729680,278953,1,Lotus,24,4,crashies,2593,FNATIC,Viper,0.9,203.0,17,18,7,125.0,0.41,1,2
729680,278953,1,Lotus,24,4181,Cloud,2593,FNATIC,Fade,1.02,203.0,17,16,9,131.0,0.27,0,1
729680,278953,1,Lotus,24,438,Boaster,2593,FNATIC,Omen,1.1,171.0,17,16,9,127.0,0.39,0,1
729680,278953,1,Lotus,24,4521,UNFAKE,11232,Joblife,Fade,0.59,111.0,10,18,6,87.0,0.31,0,1
729680,278953,1,Lotus,24,9554,kaajak,2593,FNATIC,Raze,0.71,226.0,17,21,5,153.0,0.22,7,8
729680,278953,1,Lotus,24,9810,Alfajer,2593,FNATIC,Chamber,1.04,226.0,19,18,1,144.0,0.24,3,1
729680,278954,2,Breeze,21,1369,doma,11232,Joblife,Viper,0.82,158.0,10,14,9,124.0,0.2,1,1
729680,278954,2,Breeze,21,1475,kamyk,11232,Joblife,Omen,1.66,321.0,26,14,2,193.0,0.49,0,0
729680,278954,2,Breeze,21,21610,runneR,11232,Joblife,Jett,0.91,162.0,14,13,3,106.0,0.24,2,3
729680,278954,2,Breeze,21,24424,Pa1ze,11232,Joblife,Neon,1.37,301.0,21,15,5,210.0,0.34,9,5
729680,278954,2,Breeze,21,4,crashies,2593,FNATIC,Cypher,1.25,259.0,20,15,6,160.0,0.29,1,1
729680,278954,2,Breeze,21,4181,Cloud,2593,FNATIC,Sova,0.76,160.0,10,15,9,119.0,0.23,2,3
729680,278954,2,Breeze,21,438,Boaster,2593,FNATIC,Harbor,0.46,86.0,5,17,9,56.0,0.32,1,0
729680,278954,2,Breeze,21,4521,UNFAKE,11232,Joblife,Sova,1.03,164.0,12,11,6,113.0,0.28,0,0
729680,278954,2,Breeze,21,9554,kaajak,2593,FNATIC,Phoenix,0.94,208.0,15,17,10,159.0,0.46,1,4
729680,278954,2,Breeze,21,9810,Alfajer,2593,FNATIC,Neon,0.94,219.0,17,19,5,149.0,0.3,4,4
729681,278956,1,Lotus,24,12670,nekky,6392,Eternal Fire,Fade,1.04,174.0,16,16,2,124.0,0.54,0,1
729681,278956,1,Lotus,24,3127,MONSTEERR,14478,Eintracht Frankfurt,Vyse,1.91,309.0,32,12,5,225.0,0.29,0,1
729681,278956,1,Lotus,24,40843,audaz,6392,Eternal Fire,Omen,1.11,194.0,18,16,9,116.0,0.3,1,3
729681,278956,1,Lotus,24,41718,Spear,6392,Eternal Fire,Raze,0.74,196.0,15,20,5,148.0,0.18,3,1
729681,278956,1,Lotus,24,41720,Favian,6392,Eternal Fire,Neon,0.91,254.0,20,23,6,162.0,0.23,5,5
729681,278956,1,Lotus,24,4325,musashi,14478,Eintracht Frankfurt,Fade,0.7,146.0,12,19,11,95.0,0.21,2,2
729681,278956,1,Lotus,24,4629,azury,14478,Eintracht Frankfurt,Viper,1.12,248.0,20,17,7,158.0,0.26,2,3
729681,278956,1,Lotus,24,49346,echo,6392,Eternal Fire,Cypher,0.84,186.0,16,19,6,126.0,0.33,2,3
729681,278956,1,Lotus,24,57336,Jamelinho213,14478,Eintracht Frankfurt,Raze,0.93,237.0,19,20,6,154.0,0.26,8,3
729681,278956,1,Lotus,24,7660,Fizzy,14478,Eintracht Frankfurt,Omen,0.73,143.0,11,17,14,85.0,0.15,1,2
729681,278957,2,Split,20,12670,nekky,6392,Eternal Fire,Fade,0.94,210.0,13,15,5,134.0,0.32,2,2
729681,278957,2,Split,20,3127,MONSTEERR,14478,Eintracht Frankfurt,Vyse,1.41,240.0,20,11,4,187.0,0.4,0,0
729681,278957,2,Split,20,40843,audaz,6392,Eternal Fire,Omen,0.71,134.0,9,14,7,77.0,0.33,1,2
729681,278957,2,Split,20,41718,Spear,6392,Eternal Fire,Phoenix,0.44,127.0,8,18,5,91.0,0.29,1,2
729681,278957,2,Split,20,41720,Favian,6392,Eternal Fire,Neon,0.73,169.0,13,15,2,112.0,0.2,1,6
729681,278957,2,Split,20,4325,musashi,14478,Eintracht Frankfurt,Raze,1.32,235.0,17,11,1,161.0,0.29,3,2
729681,278957,2,Split,20,4629,azury,14478,Eintracht Frankfurt,Fade,1.03,151.0,9,11,8,109.0,0.21,1,1
729681,278957,2,Split,20,49346,echo,6392,Eternal Fire,Viper,1.05,235.0,16,16,3,144.0,0.39,2,1
729681,278957,2,Split,20,57336,Jamelinho213,14478,Eintracht Frankfurt,Neon,1.21,276.0,19,13,3,148.0,0.3,6,2
729681,278957,2,Split,20,7660,Fizzy,14478,Eintracht Frankfurt,Astra,1.01,194.0,13,13,10,117.0,0.34,3,2
729682,278959,1,Split,22,10146,reazy,20085,Fire Flux Esports,Omen,1.42,246.0,20,13,11,165.0,0.3,1,2
729682,278959,1,Split,22,1369,doma,11232,Joblife,Omen,1.09,205.0,15,15,8,157.0,0.3,2,2
729682,278959,1,Split,22,1475,kamyk,11232,Joblife,Viper,0.84,149.0,10,17,8,107.0,0.29,1,2
729682,278959,1,Split,22,18615,batujnax,20085,Fire Flux Esports,Skye,0.63,123.0,8,16,9,72.0,0.13,1,3
729682,278959,1,Split,22,21610,runneR,11232,Joblife,Raze,1.21,288.0,21,17,5,187.0,0.25,3,1
729682,278959,1,Split,22,24424,Pa1ze,11232,Joblife,Neon,0.75,178.0,14,16,1,120.0,0.26,4,4
729682,278959,1,Split,22,4521,UNFAKE,11232,Joblife,Skye,0.94,145.0,12,15,6,98.0,0.17,3,0
729682,278959,1,Split,22,5564,DeadInk,20085,Fire Flux Esports,Waylay,0.59,100.0,9,15,1,62.0,0.19,2,1
729682,278959,1,Split,22,55694,hezacoil,20085,Fire Flux Esports,Astra,1.72,284.0,24,10,9,196.0,0.38,3,2
729682,278959,1,Split,22,58496,Kachoww,20085,Fire Flux Esports,Neon,0.99,258.0,19,18,6,170.0,0.35,2,5
729682,278960,2,Lotus,21,10146,reazy,20085,Fire Flux Esports,Viper,1.13,206.0,15,12,10,132.0,0.25,4,0
729682,278960,2,Lotus,21,1369,doma,11232,Joblife,Cypher,1.17,175.0,12,12,2,119.0,0.27,0,0
729682,278960,2,Lotus,21,1475,kamyk,11232,Joblife,Omen,0.78,142.0,10,15,6,89.0,0.33,1,4
729682,278960,2,Lotus,21,18615,batujnax,20085,Fire Flux Esports,Fade,0.72,104.0,9,12,6,85.0,0.35,0,2
729682,278960,2,Lotus,21,21610,runneR,11232,Joblife,Raze,0.58,127.0,8,17,4,97.0,0.17,1,3
729682,278960,2,Lotus,21,24424,Pa1ze,11232,Joblife,Neon,0.83,227.0,14,19,5,145.0,0.26,4,6
729682,278960,2,Lotus,21,4521,UNFAKE,11232,Joblife,Fade,0.82,167.0,14,16,3,96.0,0.31,0,2
729682,278960,2,Lotus,21,5564,DeadInk,20085,Fire Flux Esports,Raze,1.1,176.0,14,10,4,115.0,0.21,4,3
729682,278960,2,Lotus,21,55694,hezacoil,20085,Fire Flux Esports,Vyse,1.6,269.0,23,10,4,186.0,0.41,2,0
729682,278960,2,Lotus,21,58496,Kachoww,20085,Fire Flux Esports,Omen,1.17,253.0,18,14,7,150.0,0.42,5,1
729742,278962,1,Breeze,16,12872,david,22142,BESTIA,Cypher,1.3,211.0,14,6,3,133.0,0.37,2,0
729742,278962,1,Breeze,16,1311,Melser,22142,BESTIA,Sova,0.9,132.0,7,9,7,113.0,0.41,0,0
729742,278962,1,Breeze,16,33570,chubizin,22142,BESTIA,Harbor,1.08,163.0,10,7,6,93.0,0.33,2,0
729742,278962,1,Breeze,16,37105,Loss,22142,BESTIA,Jett,1.67,288.0,17,6,4,172.0,0.17,6,1
729742,278962,1,Breeze,16,3828,Tacolilla,22142,BESTIA,Neon,1.79,343.0,22,8,4,205.0,0.25,4,1
729742,278962,1,Breeze,16,41135,Dantedeu5,2355,KRÜ Esports,Neon,0.66,176.0,9,15,2,120.0,0.34,1,4
729742,278962,1,Breeze,16,727,saadhak,2355,KRÜ Esports,Kayo,0.62,154.0,7,14,7,103.0,0.22,1,4
729742,278962,1,Breeze,16,8447,Less,2355,KRÜ Esports,Viper,0.53,138.0,7,15,1,96.0,0.26,0,2
729742,278962,1,Breeze,16,8673,heat,2355,KRÜ Esports,Chamber,0.81,158.0,10,11,0,99.0,0.13,0,2
729742,278962,1,Breeze,16,939,mwzera,2355,KRÜ Esports,Sova,0.28,85.0,3,15,4,74.0,0.23,0,2
729742,278963,2,Sunset,14,12872,david,22142,BESTIA,Cypher,0.57,139.0,6,14,2,105.0,0.36,1,2
729742,278963,2,Sunset,14,1311,Melser,22142,BESTIA,Omen,0.46,140.0,5,13,3,94.0,0.09,1,3
729742,278963,2,Sunset,14,33570,chubizin,22142,BESTIA,Fade,0.35,97.0,4,13,5,54.0,0.18,0,1
729742,278963,2,Sunset,14,37105,Loss,22142,BESTIA,Chamber,0.44,119.0,5,13,1,75.0,0.27,0,3
729742,278963,2,Sunset,14,3828,Tacolilla,22142,BESTIA,Neon,0.99,218.0,11,12,3,132.0,0.3,0,3
729742,278963,2,Sunset,14,41135,Dantedeu5,2355,KRÜ Esports,Neon,0.94,235.0,11,10,3,142.0,0.17,5,1
729742,278963,2,Sunset,14,727,saadhak,2355,KRÜ Esports,Kayo,1.5,189.0,9,5,20,114.0,0.4,1,1
729742,278963,2,Sunset,14,8447,Less,2355,KRÜ Esports,Omen,1.61,238.0,12,4,10,171.0,0.32,1,0
729742,278963,2,Sunset,14,8673,heat,2355,KRÜ Esports,Chamber,1.89,218.0,16,3,2,163.0,0.22,1,0
729742,278963,2,Sunset,14,939,mwzera,2355,KRÜ Esports,Fade,1.59,350.0,17,9,9,205.0,0.16,4,0
729742,278964,3,Summit,19,12872,david,22142,BESTIA,Viper,1.11,188.0,12,14,4,138.0,0.45,1,0
729742,278964,3,Summit,19,1311,Melser,22142,BESTIA,Omen,0.64,151.0,10,17,3,95.0,0.33,4,2
729742,278964,3,Summit,19,33570,chubizin,22142,BESTIA,Fade,0.82,182.0,12,17,7,111.0,0.29,1,3
729742,278964,3,Summit,19,37105,Loss,22142,BESTIA,Sage,0.53,99.0,6,15,7,67.0,0.28,1,0
729742,278964,3,Summit,19,3828,Tacolilla,22142,BESTIA,Waylay,0.74,195.0,14,17,3,116.0,0.31,3,5
729742,278964,3,Summit,19,41135,Dantedeu5,2355,KRÜ Esports,Neon,1.13,227.0,15,12,7,147.0,0.43,2,2
729742,278964,3,Summit,19,727,saadhak,2355,KRÜ Esports,Kayo,0.9,140.0,8,11,11,100.0,0.23,1,2
729742,278964,3,Summit,19,8447,Less,2355,KRÜ Esports,Omen,1.13,218.0,16,11,7,157.0,0.45,0,3
729742,278964,3,Summit,19,8673,heat,2355,KRÜ Esports,Chamber,1.25,208.0,17,9,5,142.0,0.26,1,2
729742,278964,3,Summit,19,939,mwzera,2355,KRÜ Esports,Fade,1.59,321.0,22,11,6,194.0,0.23,5,0
729743,278965,1,Ascent,18,1129,Rossy,427,ENVY,Omen,0.96,157.0,10,10,10,86.0,0.36,1,0
729743,278965,1,Ascent,18,17770,alvinboy,11001,M80,Cypher,0.76,138.0,7,14,5,110.0,0.38,0,3
729743,278965,1,Ascent,18,24553,Boni,11001,M80,Waylay,1.11,240.0,15,15,2,160.0,0.25,3,5
729743,278965,1,Ascent,18,2462,keznit,427,ENVY,Neon,1.25,280.0,18,12,5,171.0,0.21,5,1
729743,278965,1,Ascent,18,26171,Demon1,427,ENVY,Chamber,1.54,262.0,18,8,5,202.0,0.28,4,1
729743,278965,1,Ascent,18,30470,Kyu,11001,M80,Sova,0.45,99.0,5,15,2,86.0,0.33,0,2
729743,278965,1,Ascent,18,41798,nightz,427,ENVY,Phoenix,1.31,263.0,17,11,8,165.0,0.55,3,2
729743,278965,1,Ascent,18,4828,NiSMO,11001,M80,Deadlock,0.91,220.0,15,15,2,146.0,0.29,1,1
729743,278965,1,Ascent,18,8286,GLYPH,427,ENVY,Sova,0.93,130.0,10,9,3,80.0,0.35,1,0
729743,278965,1,Ascent,18,8422,Spaz,11001,M80,Omen,0.85,133.0,8,14,8,81.0,0.31,0,3
729743,278966,2,Split,24,1129,Rossy,427,ENVY,Viper,0.85,166.0,14,17,4,117.0,0.22,1,5
729743,278966,2,Split,24,17770,alvinboy,11001,M80,Omen,0.8,151.0,12,17,8,104.0,0.21,1,2
729743,278966,2,Split,24,24553,Boni,11001,M80,Neon,0.83,178.0,16,16,1,113.0,0.19,3,6
729743,278966,2,Split,24,2462,keznit,427,ENVY,Neon,1.47,319.0,26,15,4,187.0,0.24,6,4
729743,278966,2,Split,24,26171,Demon1,427,ENVY,Omen,1.16,187.0,18,13,6,128.0,0.73,1,3
729743,278966,2,Split,24,30470,Kyu,11001,M80,Fade,0.93,152.0,13,15,6,107.0,0.26,0,0
729743,278966,2,Split,24,41798,nightz,427,ENVY,Phoenix,0.82,147.0,10,17,11,110.0,0.41,1,1
729743,278966,2,Split,24,4828,NiSMO,11001,M80,Raze,1.02,216.0,14,16,7,157.0,0.2,4,3
729743,278966,2,Split,24,8286,GLYPH,427,ENVY,Fade,0.82,156.0,12,15,10,94.0,0.14,2,0
729743,278966,2,Split,24,8422,Spaz,11001,M80,Viper,1.34,269.0,22,16,6,167.0,0.26,5,0
729744,278968,1,Ascent,24,14950,gobera,15072,2Game Esports,Jett,1.34,247.0,23,14,3,161.0,0.27,5,2
729744,278968,1,Ascent,24,1575,qck,15072,2Game Esports,Phoenix,1.11,225.0,18,16,6,138.0,0.39,3,3
729744,278968,1,Ascent,24,20240,xenom,15072,2Game Esports,Omen,1.26,199.0,14,13,14,141.0,0.34,2,2
729744,278968,1,Ascent,24,24007,Shyy,2406,FURIA,Vyse,1.18,233.0,21,14,6,144.0,0.23,0,1
729744,278968,1,Ascent,24,27149,Brinks,15072,2Game Esports,Cypher,0.79,129.0,11,14,4,101.0,0.33,2,1
729744,278968,1,Ascent,24,3722,koalanoob,2406,FURIA,Neon,0.59,136.0,10,19,4,89.0,0.13,5,9
729744,278968,1,Ascent,24,37354,basic,2406,FURIA,Phoenix,1.5,266.0,23,14,6,173.0,0.28,4,2
729744,278968,1,Ascent,24,5957,artzin,2406,FURIA,Omen,0.86,141.0,11,14,17,86.0,0.26,1,1
729744,278968,1,Ascent,24,619,C0M,2406,FURIA,Sova,0.72,119.0,6,15,14,96.0,0.14,0,1
729744,278968,1,Ascent,24,651,frz,15072,2Game Esports,Sova,0.76,144.0,10,14,5,108.0,0.34,2,2
729744,278969,2,Split,20,14950,gobera,15072,2Game Esports,Raze,0.84,189.0,10,16,8,138.0,0.16,4,2
729744,278969,2,Split,20,1575,qck,15072,2Game Esports,Jett,1.2,250.0,16,15,3,157.0,0.29,4,1
729744,278969,2,Split,20,20240,xenom,15072,2Game Esports,Viper,0.88,177.0,13,15,6,123.0,0.21,2,1
729744,278969,2,Split,20,24007,Shyy,2406,FURIA,Viper,1.36,251.0,17,13,7,181.0,0.16,2,2
729744,278969,2,Split,20,27149,Brinks,15072,2Game Esports,Omen,0.88,182.0,14,15,6,118.0,0.25,2,4
729744,278969,2,Split,20,3722,koalanoob,2406,FURIA,Neon,0.83,213.0,16,17,1,141.0,0.24,5,4
729744,278969,2,Split,20,37354,basic,2406,FURIA,Phoenix,1.66,279.0,22,9,3,180.0,0.3,1,2
729744,278969,2,Split,20,5957,artzin,2406,FURIA,Omen,0.75,141.0,9,14,13,87.0,0.3,0,2
729744,278969,2,Split,20,619,C0M,2406,FURIA,Fade,1.0,172.0,13,12,5,123.0,0.18,0,2
729744,278969,2,Split,20,651,frz,15072,2Game Esports,Skye,0.83,188.0,12,16,10,115.0,0.34,0,0
729744,278970,3,Sunset,23,14950,gobera,15072,2Game Esports,Neon,0.98,234.0,16,19,8,153.0,0.19,5,2
729744,278970,3,Sunset,23,1575,qck,15072,2Game Esports,Phoenix,0.65,151.0,11,19,8,106.0,0.3,3,3
729744,278970,3,Sunset,23,20240,xenom,15072,2Game Esports,Omen,0.9,172.0,15,17,9,99.0,0.27,3,1
729744,278970,3,Sunset,23,24007,Shyy,2406,FURIA,Cypher,0.87,177.0,15,15,3,126.0,0.23,2,2
729744,278970,3,Sunset,23,27149,Brinks,15072,2Game Esports,Cypher,0.89,175.0,13,16,3,131.0,0.22,2,2
729744,278970,3,Sunset,23,3722,koalanoob,2406,FURIA,Neon,0.94,216.0,17,16,6,134.0,0.26,4,8
729744,278970,3,Sunset,23,37354,basic,2406,FURIA,Phoenix,1.44,241.0,20,13,7,169.0,0.25,1,2
729744,278970,3,Sunset,23,5957,artzin,2406,FURIA,Omen,1.48,281.0,23,12,2,194.0,0.31,2,0
729744,278970,3,Sunset,23,619,C0M,2406,FURIA,Fade,0.84,139.0,11,13,4,88.0,0.23,1,1
729744,278970,3,Sunset,23,651,frz,15072,2Game Esports,Sova,1.01,168.0,14,15,6,112.0,0.22,0,2
729745,278971,1,Lotus,20,10053,FireBallOps,188,Cloud9,Vyse,1.0,191.0,13,14,6,145.0,0.57,0,1
729745,278971,1,Lotus,20,13093,jzz,23141,Fluxo W7M,Vyse,1.14,178.0,14,10,4,119.0,0.14,1,0
729745,278971,1,Lotus,20,15681,Palla,23141,Fluxo W7M,Waylay,1.45,302.0,21,14,6,193.0,0.38,5,3
729745,278971,1,Lotus,20,17433,v1c,188,Cloud9,Omen,0.78,128.0,8,13,6,89.0,0.31,1,4
729745,278971,1,Lotus,20,18796,OXY,188,Cloud9,Yoru,1.07,241.0,16,16,3,152.0,0.24,5,3
729745,278971,1,Lotus,20,2408,tuyz,23141,Fluxo W7M,Omen,1.33,228.0,17,10,8,157.0,0.28,1,0
729745,278971,1,Lotus,20,3455,Zanatsu,23141,Fluxo W7M,Neon,0.82,186.0,13,14,6,119.0,0.29,5,4
729745,278971,1,Lotus,20,44842,Jackk,188,Cloud9,Fade,0.84,157.0,12,15,7,93.0,0.33,1,0
729745,278971,1,Lotus,20,729,Zellsis,188,Cloud9,Viper,0.55,148.0,10,17,1,82.0,0.26,1,4
729745,278971,1,Lotus,20,8872,mazin,23141,Fluxo W7M,Fade,0.79,141.0,10,11,3,91.0,0.29,0,1
729745,278972,2,Breeze,17,10053,FireBallOps,188,Cloud9,Cypher,1.22,232.0,17,11,1,148.0,0.34,1,0
729745,278972,2,Breeze,17,13093,jzz,23141,Fluxo W7M,Vyse,0.44,90.0,5,14,1,64.0,0.18,0,0
729745,278972,2,Breeze,17,15681,Palla,23141,Fluxo W7M,Neon,0.72,223.0,13,16,4,135.0,0.26,2,7
729745,278972,2,Breeze,17,17433,v1c,188,Cloud9,Harbor,1.04,179.0,12,10,7,99.0,0.15,3,3
729745,278972,2,Breeze,17,18796,OXY,188,Cloud9,Neon,1.99,389.0,24,9,4,226.0,0.29,7,0
729745,278972,2,Breeze,17,2408,tuyz,23141,Fluxo W7M,Harbor,0.69,132.0,7,13,4,98.0,0.3,0,2
729745,278972,2,Breeze,17,3455,Zanatsu,23141,Fluxo W7M,Sova,1.13,254.0,15,15,3,176.0,0.35,1,1
729745,278972,2,Breeze,17,44842,Jackk,188,Cloud9,Sova,1.46,198.0,13,7,10,163.0,0.47,0,0
729745,278972,2,Breeze,17,729,Zellsis,188,Cloud9,Viper,0.57,139.0,7,13,9,85.0,0.16,1,2
729745,278972,2,Breeze,17,8872,mazin,23141,Fluxo W7M,Omen,0.7,180.0,10,15,3,117.0,0.29,2,2
729745,278973,3,Split,17,10053,FireBallOps,188,Cloud9,Cypher,1.08,189.0,12,10,6,126.0,0.22,2,3
729745,278973,3,Split,17,13093,jzz,23141,Fluxo W7M,Viper,0.66,161.0,9,13,4,104.0,0.11,1,2
729745,278973,3,Split,17,15681,Palla,23141,Fluxo W7M,Jett,1.08,213.0,14,14,2,148.0,0.48,2,3
729745,278973,3,Split,17,17433,v1c,188,Cloud9,Omen,0.76,142.0,8,12,10,87.0,0.2,1,0
729745,278973,3,Split,17,18796,OXY,188,Cloud9,Neon,1.46,339.0,20,13,5,216.0,0.23,6,2
729745,278973,3,Split,17,2408,tuyz,23141,Fluxo W7M,Astra,0.81,184.0,10,13,3,132.0,0.5,1,0
729745,278973,3,Split,17,3455,Zanatsu,23141,Fluxo W7M,Raze,0.9,211.0,10,15,8,144.0,0.2,1,5
729745,278973,3,Split,17,44842,Jackk,188,Cloud9,Skye,1.65,219.0,14,5,14,137.0,0.43,2,0
729745,278973,3,Split,17,729,Zellsis,188,Cloud9,Viper,1.4,187.0,14,7,4,126.0,0.15,1,0
729745,278973,3,Split,17,8872,mazin,23141,Fluxo W7M,Skye,0.34,70.0,4,13,4,45.0,0.11,0,2
729746,278974,1,Breeze,19,1818,tex,7386,MIBR,Cypher,1.11,190.0,13,10,7,139.0,0.28,2,1
729746,278974,1,Breeze,19,21668,Verno,7386,MIBR,Sova,1.82,284.0,22,9,5,187.0,0.33,1,0
729746,278974,1,Breeze,19,4004,zekken,7386,MIBR,Phoenix,1.28,241.0,16,12,8,146.0,0.26,3,1
729746,278974,1,Breeze,19,41135,Dantedeu5,2355,KRÜ Esports,Neon,0.46,155.0,9,19,4,97.0,0.18,4,5
729746,278974,1,Breeze,19,727,saadhak,2355,KRÜ Esports,Kayo,0.45,139.0,7,17,8,96.0,0.18,1,2
729746,278974,1,Breeze,19,7603,Mazino,7386,MIBR,Harbor,0.85,153.0,10,13,12,100.0,0.23,2,2
729746,278974,1,Breeze,19,8447,Less,2355,KRÜ Esports,Harbor,0.68,139.0,9,14,3,103.0,0.21,0,4
729746,278974,1,Breeze,19,8480,aspas,7386,MIBR,Neon,1.09,217.0,15,12,3,156.0,0.39,3,4
729746,278974,1,Breeze,19,8673,heat,2355,KRÜ Esports,Chamber,0.8,140.0,10,13,2,101.0,0.42,0,0
729746,278974,1,Breeze,19,939,mwzera,2355,KRÜ Esports,Sova,1.6,297.0,21,13,4,200.0,0.31,3,0
729746,278975,2,Sunset,19,1818,tex,7386,MIBR,Cypher,1.05,217.0,15,12,3,135.0,0.34,4,3
729746,278975,2,Sunset,19,21668,Verno,7386,MIBR,Sova,0.93,171.0,12,11,5,122.0,0.16,2,1
729746,278975,2,Sunset,19,4004,zekken,7386,MIBR,Phoenix,1.47,253.0,18,9,7,152.0,0.31,3,0
729746,278975,2,Sunset,19,41135,Dantedeu5,2355,KRÜ Esports,Neon,0.66,167.0,9,16,3,123.0,0.36,2,4
729746,278975,2,Sunset,19,727,saadhak,2355,KRÜ Esports,Kayo,0.69,143.0,7,15,11,107.0,0.27,1,1
729746,278975,2,Sunset,19,7603,Mazino,7386,MIBR,Omen,1.72,279.0,20,10,10,179.0,0.43,2,1
729746,278975,2,Sunset,19,8447,Less,2355,KRÜ Esports,Omen,0.68,160.0,11,16,3,106.0,0.35,1,1
729746,278975,2,Sunset,19,8480,aspas,7386,MIBR,Neon,0.74,163.0,10,13,4,108.0,0.15,1,2
729746,278975,2,Sunset,19,8673,heat,2355,KRÜ Esports,Chamber,0.98,203.0,14,14,0,134.0,0.56,3,4
729746,278975,2,Sunset,19,939,mwzera,2355,KRÜ Esports,Fade,1.15,215.0,14,14,4,149.0,0.3,0,2
729747,278977,1,Ascent,23,1129,Rossy,427,ENVY,Omen,0.89,140.0,11,13,9,109.0,0.25,0,2
729747,278977,1,Ascent,23,1265,johnqt,2,Sentinels,Omen,0.92,158.0,12,16,9,112.0,0.19,0,0
729747,278977,1,Ascent,23,2462,keznit,427,ENVY,Neon,1.04,181.0,16,13,4,111.0,0.3,4,5
729747,278977,1,Ascent,23,26171,Demon1,427,ENVY,Chamber,1.08,216.0,20,15,2,144.0,0.21,4,1
729747,278977,1,Ascent,23,34057,Jerrwin,2,Sentinels,Neon,1.27,274.0,22,16,4,184.0,0.28,5,5
729747,278977,1,Ascent,23,41798,nightz,427,ENVY,Phoenix,0.9,183.0,13,17,12,129.0,0.21,4,1
729747,278977,1,Ascent,23,4581,JonahP,2,Sentinels,Sova,0.84,165.0,14,17,5,100.0,0.08,1,2
729747,278977,1,Ascent,23,5395,cortezia,2,Sentinels,Cypher,0.69,123.0,8,15,1,98.0,0.34,2,4
729747,278977,1,Ascent,23,8286,GLYPH,427,ENVY,Sova,1.53,227.0,19,10,11,148.0,0.29,2,0
729747,278977,1,Ascent,23,8419,Reduxx,2,Sentinels,Phoenix,0.91,163.0,12,15,8,120.0,0.52,1,3
729747,278978,2,Summit,16,1129,Rossy,427,ENVY,Sage,1.19,196.0,13,10,7,118.0,0.3,1,1
729747,278978,2,Summit,16,1265,johnqt,2,Sentinels,Harbor,0.9,167.0,10,13,4,111.0,0.27,1,0
729747,278978,2,Summit,16,2462,keznit,427,ENVY,Neon,0.83,173.0,9,11,6,115.0,0.27,0,1
729747,278978,2,Summit,16,26171,Demon1,427,ENVY,Chamber,1.62,327.0,21,9,1,200.0,0.54,2,4
729747,278978,2,Summit,16,34057,Jerrwin,2,Sentinels,Waylay,0.82,216.0,12,15,3,120.0,0.2,5,2
729747,278978,2,Summit,16,41798,nightz,427,ENVY,Omen,1.28,322.0,18,13,6,207.0,0.45,4,0
729747,278978,2,Summit,16,4581,JonahP,2,Sentinels,Fade,0.82,177.0,10,13,3,101.0,0.4,2,3
729747,278978,2,Summit,16,5395,cortezia,2,Sentinels,Vyse,1.01,211.0,10,11,4,150.0,0.37,1,0
729747,278978,2,Summit,16,8286,GLYPH,427,ENVY,Fade,0.61,78.0,5,9,5,59.0,0.13,0,3
729747,278978,2,Summit,16,8419,Reduxx,2,Sentinels,Omen,0.75,177.0,10,14,4,121.0,0.26,0,2
729748,278980,1,Split,26,15500,trent,11058,G2 Esports,Skye,1.02,153.0,15,14,14,100.0,0.29,3,1
729748,278980,1,Split,26,2170,BABYBAY,11058,G2 Esports,Chamber,0.65,91.0,7,17,4,77.0,0.21,1,2
729748,278980,1,Split,26,24007,Shyy,2406,FURIA,Viper,1.12,212.0,18,16,10,142.0,0.33,1,2
729748,278980,1,Split,26,3722,koalanoob,2406,FURIA,Neon,1.2,270.0,24,18,7,150.0,0.2,6,3
729748,278980,1,Split,26,37354,basic,2406,FURIA,Phoenix,0.81,155.0,15,17,3,94.0,0.21,1,5
729748,278980,1,Split,26,3885,valyn,11058,G2 Esports,Omen,0.94,168.0,13,16,13,107.0,0.27,1,3
729748,278980,1,Split,26,3993,jawgemo,11058,G2 Esports,Neon,1.11,246.0,20,18,6,165.0,0.27,5,5
729748,278980,1,Split,26,5957,artzin,2406,FURIA,Omen,0.55,87.0,6,17,11,52.0,0.14,1,3
729748,278980,1,Split,26,619,C0M,2406,FURIA,Fade,1.3,230.0,21,13,9,154.0,0.25,2,2
729748,278980,1,Split,26,7873,leaf,11058,G2 Esports,Viper,1.39,276.0,26,19,6,161.0,0.15,5,0
729748,278981,2,Haven,23,15500,trent,11058,G2 Esports,Fade,1.13,190.0,16,15,6,151.0,0.38,1,0
729748,278981,2,Haven,23,2170,BABYBAY,11058,G2 Esports,Chamber,0.7,130.0,11,18,5,79.0,0.17,2,2
729748,278981,2,Haven,23,24007,Shyy,2406,FURIA,Cypher,0.86,184.0,13,15,7,128.0,0.16,2,4
729748,278981,2,Haven,23,3722,koalanoob,2406,FURIA,Neon,0.79,204.0,17,20,1,115.0,0.27,7,3
729748,278981,2,Haven,23,37354,basic,2406,FURIA,Phoenix,1.42,276.0,22,14,10,189.0,0.19,4,2
729748,278981,2,Haven,23,3885,valyn,11058,G2 Esports,Astra,0.88,202.0,16,17,2,137.0,0.31,1,3
729748,278981,2,Haven,23,3993,jawgemo,11058,G2 Esports,Phoenix,0.87,217.0,15,19,10,132.0,0.13,3,5
729748,278981,2,Haven,23,5957,artzin,2406,FURIA,Astra,1.64,261.0,23,11,14,173.0,0.41,0,1
729748,278981,2,Haven,23,619,C0M,2406,FURIA,Sova,0.93,143.0,11,13,7,113.0,0.22,0,0
729748,278981,2,Haven,23,7873,leaf,11058,G2 Esports,Yoru,0.96,195.0,15,17,9,131.0,0.23,3,3
729748,278982,3,Breeze,22,15500,trent,11058,G2 Esports,Sova,1.34,221.0,16,14,3,162.0,0.31,3,1
729748,278982,3,Breeze,22,2170,BABYBAY,11058,G2 Esports,Chamber,0.68,159.0,12,19,1,109.0,0.08,3,1
729748,278982,3,Breeze,22,24007,Shyy,2406,FURIA,Cypher,0.92,160.0,13,13,5,107.0,0.23,0,3
729748,278982,3,Breeze,22,3722,koalanoob,2406,FURIA,Neon,1.13,268.0,20,16,5,180.0,0.25,3,2
729748,278982,3,Breeze,22,37354,basic,2406,FURIA,Phoenix,1.28,232.0,19,13,8,152.0,0.28,2,4
729748,278982,3,Breeze,22,3885,valyn,11058,G2 Esports,Astra,0.65,173.0,13,19,7,115.0,0.24,1,3
729748,278982,3,Breeze,22,3993,jawgemo,11058,G2 Esports,Neon,0.47,133.0,10,18,5,78.0,0.14,3,5
729748,278982,3,Breeze,22,5957,artzin,2406,FURIA,Harbor,1.15,217.0,15,15,14,141.0,0.3,4,0
729748,278982,3,Breeze,22,619,C0M,2406,FURIA,Sova,1.26,205.0,19,12,3,126.0,0.27,3,1
729748,278982,3,Breeze,22,7873,leaf,11058,G2 Esports,Viper,1.05,219.0,18,16,5,144.0,0.39,0,2
729749,278983,1,Breeze,19,10053,FireBallOps,188,Cloud9,Cypher,1.23,197.0,13,10,6,151.0,0.47,1,2
729749,278983,1,Breeze,19,14048,zerona,5248,Evil Geniuses,Phoenix,0.72,179.0,12,16,3,117.0,0.29,2,3
729749,278983,1,Breeze,19,17433,v1c,188,Cloud9,Harbor,0.92,158.0,10,12,10,125.0,0.32,1,1
729749,278983,1,Breeze,19,18796,OXY,188,Cloud9,Neon,2.05,372.0,28,10,3,229.0,0.31,5,3
729749,278983,1,Breeze,19,2164,Paincakes,5248,Evil Geniuses,Sova,0.56,106.0,8,16,1,82.0,0.29,0,2
729749,278983,1,Breeze,19,34400,bao,5248,Evil Geniuses,Omen,0.64,133.0,8,14,5,78.0,0.25,1,2
729749,278983,1,Breeze,19,44842,Jackk,188,Cloud9,Sova,1.22,187.0,14,9,3,127.0,0.28,2,0
729749,278983,1,Breeze,19,729,Zellsis,188,Cloud9,Viper,0.7,175.0,11,14,3,111.0,0.17,3,1
729749,278983,1,Breeze,19,826,supamen,5248,Evil Geniuses,Viper,0.97,215.0,14,15,5,132.0,0.33,2,3
729749,278983,1,Breeze,19,8873,dgzin,5248,Evil Geniuses,Jett,0.84,193.0,13,15,2,120.0,0.55,2,2
729749,278984,2,Haven,19,10053,FireBallOps,188,Cloud9,Vyse,0.66,149.0,10,14,1,90.0,0.28,2,5
729749,278984,2,Haven,19,14048,zerona,5248,Evil Geniuses,Phoenix,1.43,215.0,14,7,11,143.0,0.17,2,1
729749,278984,2,Haven,19,17433,v1c,188,Cloud9,Omen,0.59,113.0,7,14,8,84.0,0.17,2,2
729749,278984,2,Haven,19,18796,OXY,188,Cloud9,Neon,1.25,281.0,17,16,6,176.0,0.33,5,1
729749,278984,2,Haven,19,2164,Paincakes,5248,Evil Geniuses,Sova,1.12,205.0,14,11,8,121.0,0.24,1,1
729749,278984,2,Haven,19,34400,bao,5248,Evil Geniuses,Cypher,1.42,177.0,14,6,4,113.0,0.24,3,0
729749,278984,2,Haven,19,44842,Jackk,188,Cloud9,Sova,1.08,179.0,11,12,6,120.0,0.22,0,1
729749,278984,2,Haven,19,729,Zellsis,188,Cloud9,Viper,0.32,84.0,4,16,6,54.0,0.04,0,1
729749,278984,2,Haven,19,826,supamen,5248,Evil Geniuses,Omen,0.74,113.0,8,12,8,69.0,0.13,1,5
729749,278984,2,Haven,19,8873,dgzin,5248,Evil Geniuses,Neon,1.59,343.0,22,13,4,257.0,0.27,3,2
729749,278985,3,Sunset,24,10053,FireBallOps,188,Cloud9,Cypher,0.97,182.0,17,14,4,123.0,0.48,1,0
729749,278985,3,Sunset,24,14048,zerona,5248,Evil Geniuses,Viper,1.02,201.0,15,17,10,143.0,0.2,3,1
729749,278985,3,Sunset,24,17433,v1c,188,Cloud9,Omen,1.06,186.0,15,13,11,111.0,0.15,3,1
729749,278985,3,Sunset,24,18796,OXY,188,Cloud9,Neon,1.13,255.0,22,15,3,164.0,0.4,3,6
729749,278985,3,Sunset,24,2164,Paincakes,5248,Evil Geniuses,Sova,0.95,170.0,16,16,5,99.0,0.21,4,1
729749,278985,3,Sunset,24,34400,bao,5248,Evil Geniuses,Cypher,0.73,145.0,12,17,5,92.0,0.15,1,5
729749,278985,3,Sunset,24,44842,Jackk,188,Cloud9,Sova,1.1,178.0,15,14,8,123.0,0.28,2,2
729749,278985,3,Sunset,24,729,Zellsis,188,Cloud9,Deadlock,0.88,154.0,13,14,5,97.0,0.25,4,2
729749,278985,3,Sunset,24,826,supamen,5248,Evil Geniuses,Omen,1.0,169.0,15,15,6,122.0,0.47,0,2
729749,278985,3,Sunset,24,8873,dgzin,5248,Evil Geniuses,Neon,0.63,142.0,12,17,5,86.0,0.17,3,4
730537,279291,1,Split,20,10628,Misaya,18299,QT DIG∞,Skye,0.78,159.0,9,17,8,111.0,0.18,1,0
730537,279291,1,Split,20,13784,Killua,4050,FULL SENSE,Skye,1.38,194.0,14,8,16,128.0,0.29,2,0
730537,279291,1,Split,20,13788,JitBoyS,4050,FULL SENSE,Raze,1.14,230.0,17,11,3,152.0,0.44,6,2
730537,279291,1,Split,20,25255,primmie,4050,FULL SENSE,Deadlock,2.0,419.0,31,10,8,265.0,0.33,3,0
730537,279291,1,Split,20,27244,seph1roth,4050,FULL SENSE,Cypher,0.89,165.0,13,13,4,100.0,0.18,1,3
730537,279291,1,Split,20,28401,Pkm,18299,QT DIG∞,Neon,0.91,191.0,14,16,3,126.0,0.41,2,4
730537,279291,1,Split,20,29840,yuran,18299,QT DIG∞,Raze,0.52,147.0,9,19,2,109.0,0.23,1,2
730537,279291,1,Split,20,33576,margaret,18299,QT DIG∞,Viper,0.79,167.0,11,16,5,117.0,0.29,2,4
730537,279291,1,Split,20,3977,Crws,4050,FULL SENSE,Astra,1.13,145.0,11,8,9,95.0,0.31,1,2
730537,279291,1,Split,20,48431,Kippei,18299,QT DIG∞,Omen,0.49,142.0,7,18,7,100.0,0.2,1,3
730537,279292,2,Haven,21,10628,Misaya,18299,QT DIG∞,Fade,0.94,202.0,15,14,6,128.0,0.17,3,0
730537,279292,2,Haven,21,13784,Killua,4050,FULL SENSE,Sova,0.61,131.0,8,17,10,86.0,0.38,1,0
730537,279292,2,Haven,21,13788,JitBoyS,4050,FULL SENSE,Neon,0.89,195.0,14,17,6,133.0,0.34,3,7
730537,279292,2,Haven,21,25255,primmie,4050,FULL SENSE,Waylay,0.85,175.0,13,16,3,118.0,0.23,3,3
730537,279292,2,Haven,21,27244,seph1roth,4050,FULL SENSE,Cypher,1.15,197.0,15,13,1,142.0,0.48,0,1
730537,279292,2,Haven,21,28401,Pkm,18299,QT DIG∞,Neon,0.99,205.0,15,15,6,138.0,0.24,2,2
730537,279292,2,Haven,21,29840,yuran,18299,QT DIG∞,Phoenix,0.95,183.0,14,13,6,108.0,0.57,3,2
730537,279292,2,Haven,21,33576,margaret,18299,QT DIG∞,Chamber,1.51,259.0,21,9,2,172.0,0.3,4,3
730537,279292,2,Haven,21,3977,Crws,4050,FULL SENSE,Omen,0.84,161.0,11,16,6,102.0,0.25,0,3
730537,279292,2,Haven,21,48431,Kippei,18299,QT DIG∞,Astra,1.15,163.0,14,10,3,108.0,0.33,2,0
730537,279293,3,Summit,17,10628,Misaya,18299,QT DIG∞,Skye,0.31,94.0,5,15,0,62.0,0.17,1,1
730537,279293,3,Summit,17,13784,Killua,4050,FULL SENSE,Fade,1.55,236.0,14,5,12,144.0,0.34,0,0
730537,279293,3,Summit,17,13788,JitBoyS,4050,FULL SENSE,Neon,1.1,191.0,12,7,5,109.0,0.24,3,2
730537,279293,3,Summit,17,25255,primmie,4050,FULL SENSE,Yoru,1.23,208.0,13,8,5,136.0,0.27,3,2
730537,279293,3,Summit,17,27244,seph1roth,4050,FULL SENSE,Cypher,1.49,255.0,16,7,2,171.0,0.37,3,1
730537,279293,3,Summit,17,28401,Pkm,18299,QT DIG∞,Neon,0.86,199.0,12,15,0,111.0,0.27,5,3
730537,279293,3,Summit,17,29840,yuran,18299,QT DIG∞,Raze,0.18,92.0,3,15,4,71.0,0.17,0,4
730537,279293,3,Summit,17,33576,margaret,18299,QT DIG∞,Cypher,0.84,153.0,9,14,1,118.0,0.44,0,0
730537,279293,3,Summit,17,3977,Crws,4050,FULL SENSE,Omen,1.66,257.0,18,6,5,172.0,0.5,0,3
730537,279293,3,Summit,17,48431,Kippei,18299,QT DIG∞,Omen,0.27,90.0,4,14,3,59.0,0.31,2,1
730538,279294,1,Summit,21,11704,STYRON,6199,Team Secret,Sova,1.42,262.0,19,13,7,195.0,0.33,1,0
730538,279294,1,Summit,21,23062,Surf,17167,Xipto Esports,Cypher,0.95,186.0,14,16,3,122.0,0.27,1,3
730538,279294,1,Summit,21,2366,aLerT,17167,Xipto Esports,Omen,0.72,159.0,12,17,7,110.0,0.29,1,1
730538,279294,1,Summit,21,4056,Sylvan,6199,Team Secret,Omen,0.91,176.0,13,15,8,112.0,0.64,0,1
730538,279294,1,Summit,21,41694,endoist,17167,Xipto Esports,Phoenix,0.69,167.0,11,17,6,113.0,0.18,3,5
730538,279294,1,Summit,21,41702,canady,17167,Xipto Esports,Fade,0.92,196.0,14,15,2,126.0,0.17,2,1
730538,279294,1,Summit,21,46135,Zeus,6199,Team Secret,Neon,0.92,238.0,17,16,4,152.0,0.34,5,5
730538,279294,1,Summit,21,48516,doffy,17167,Xipto Esports,Neon,1.2,243.0,18,15,1,162.0,0.4,3,1
730538,279294,1,Summit,21,7049,natz,6199,Team Secret,Vyse,1.11,195.0,14,13,2,143.0,0.26,3,3
730538,279294,1,Summit,21,7437,kellyS,6199,Team Secret,Viper,1.09,225.0,17,12,2,156.0,0.35,2,1
730538,279295,2,Sunset,24,11704,STYRON,6199,Team Secret,Sova,0.92,137.0,11,14,5,94.0,0.18,2,2
730538,279295,2,Sunset,24,23062,Surf,17167,Xipto Esports,Cypher,0.86,167.0,15,16,5,104.0,0.3,0,1
730538,279295,2,Sunset,24,2366,aLerT,17167,Xipto Esports,Omen,0.68,119.0,11,16,6,86.0,0.27,0,2
730538,279295,2,Sunset,24,4056,Sylvan,6199,Team Secret,Omen,1.24,249.0,22,19,6,165.0,0.3,2,1
730538,279295,2,Sunset,24,41694,endoist,17167,Xipto Esports,Raze,1.35,326.0,24,17,5,225.0,0.24,6,2
730538,279295,2,Sunset,24,41702,canady,17167,Xipto Esports,Fade,1.13,230.0,20,15,4,130.0,0.24,5,1
730538,279295,2,Sunset,24,46135,Zeus,6199,Team Secret,Neon,0.82,196.0,16,20,8,136.0,0.17,3,7
730538,279295,2,Sunset,24,48516,doffy,17167,Xipto Esports,Yoru,0.71,182.0,15,18,3,109.0,0.26,2,5
730538,279295,2,Sunset,24,7049,natz,6199,Team Secret,Cypher,0.59,122.0,10,19,5,90.0,0.26,1,1
730538,279295,2,Sunset,24,7437,kellyS,6199,Team Secret,Chamber,1.54,251.0,23,13,5,164.0,0.3,3,2
730539,279297,1,Lotus,24,12990,SyouTa,5448,ZETA DIVISION,Cypher,1.11,218.0,16,16,6,152.0,0.35,2,0
730539,279297,1,Lotus,24,1916,free1ng,8185,KIWOOM DRX,Chamber,1.06,222.0,19,18,2,143.0,0.39,6,7
730539,279297,1,Lotus,24,1960,eKo,5448,ZETA DIVISION,Chamber,0.87,194.0,15,18,4,141.0,0.25,5,5
730539,279297,1,Lotus,24,25221,Xdll,5448,ZETA DIVISION,Fade,0.69,126.0,11,18,5,75.0,0.28,2,1
730539,279297,1,Lotus,24,28400,HYUNMIN,8185,KIWOOM DRX,Raze,1.38,302.0,27,17,2,193.0,0.28,0,1
730539,279297,1,Lotus,24,34776,Absol,5448,ZETA DIVISION,Neon,1.23,266.0,23,16,4,165.0,0.37,6,2
730539,279297,1,Lotus,24,4462,MaKo,8185,KIWOOM DRX,Omen,0.62,135.0,11,18,9,79.0,0.22,0,3
730539,279297,1,Lotus,24,4678,BeYN,8185,KIWOOM DRX,Fade,0.89,167.0,14,16,6,110.0,0.18,2,2
730539,279297,1,Lotus,24,51238,yong,8185,KIWOOM DRX,Vyse,1.15,159.0,13,12,9,118.0,0.27,1,2
730539,279297,1,Lotus,24,6668,SugarZ3ro,5448,ZETA DIVISION,Omen,0.99,183.0,16,16,13,118.0,0.31,0,1
730539,279298,2,Sunset,24,12990,SyouTa,5448,ZETA DIVISION,Cypher,1.04,212.0,18,17,7,136.0,0.32,2,2
730539,279298,2,Sunset,24,1916,free1ng,8185,KIWOOM DRX,Neon,0.86,181.0,15,19,4,126.0,0.13,1,3
730539,279298,2,Sunset,24,1960,eKo,5448,ZETA DIVISION,Fade,1.12,238.0,19,17,8,152.0,0.4,1,2
730539,279298,2,Sunset,24,25221,Xdll,5448,ZETA DIVISION,Sage,0.94,165.0,16,14,5,89.0,0.38,1,6
730539,279298,2,Sunset,24,28400,HYUNMIN,8185,KIWOOM DRX,Yoru,0.59,128.0,10,20,4,81.0,0.35,6,1
730539,279298,2,Sunset,24,34776,Absol,5448,ZETA DIVISION,Neon,1.31,295.0,26,16,3,179.0,0.18,6,2
730539,279298,2,Sunset,24,4462,MaKo,8185,KIWOOM DRX,Omen,0.8,178.0,15,19,10,110.0,0.27,1,4
730539,279298,2,Sunset,24,4678,BeYN,8185,KIWOOM DRX,Sova,1.38,264.0,22,17,9,166.0,0.3,3,1
730539,279298,2,Sunset,24,51238,yong,8185,KIWOOM DRX,Cypher,1.08,194.0,18,17,5,123.0,0.24,3,1
730539,279298,2,Sunset,24,6668,SugarZ3ro,5448,ZETA DIVISION,Omen,0.86,177.0,13,16,13,124.0,0.21,0,2
730539,279299,3,Haven,19,12990,SyouTa,5448,ZETA DIVISION,Cypher,0.52,164.0,10,16,3,110.0,0.26,2,2
730539,279299,3,Haven,19,1916,free1ng,8185,KIWOOM DRX,Neon,1.66,329.0,22,13,7,214.0,0.3,3,1
730539,279299,3,Haven,19,1960,eKo,5448,ZETA DIVISION,Yoru,0.79,199.0,13,16,5,140.0,0.24,1,5
730539,279299,3,Haven,19,25221,Xdll,5448,ZETA DIVISION,Sova,1.06,201.0,14,12,4,136.0,0.36,1,0
730539,279299,3,Haven,19,28400,HYUNMIN,8185,KIWOOM DRX,Yoru,1.29,177.0,13,8,4,124.0,0.36,2,2
730539,279299,3,Haven,19,34776,Absol,5448,ZETA DIVISION,Neon,0.85,206.0,12,16,5,148.0,0.29,2,5
730539,279299,3,Haven,19,4462,MaKo,8185,KIWOOM DRX,Omen,1.31,206.0,15,10,10,135.0,0.25,1,1
730539,279299,3,Haven,19,4678,BeYN,8185,KIWOOM DRX,Sova,1.07,189.0,13,13,7,129.0,0.29,3,0
730539,279299,3,Haven,19,51238,yong,8185,KIWOOM DRX,Cypher,0.82,200.0,13,13,1,131.0,0.41,4,2
730539,279299,3,Haven,19,6668,SugarZ3ro,5448,ZETA DIVISION,Omen,0.52,117.0,8,16,4,84.0,0.18,0,1
730540,279300,1,Ascent,26,12098,Kadoom,623,Sharper Esports,Neon,0.75,195.0,20,20,1,120.0,0.16,4,5
730540,279300,1,Ascent,26,13002,Akame,278,DetonatioN FocusMe,Sova,1.1,226.0,19,16,4,166.0,0.31,2,1
730540,279300,1,Ascent,26,15897,Apinya,623,Sharper Esports,Sage,1.52,285.0,28,16,7,184.0,0.28,6,3
730540,279300,1,Ascent,26,21438,SSeeS,278,DetonatioN FocusMe,Omen,1.19,231.0,21,17,9,131.0,0.2,1,5
730540,279300,1,Ascent,26,29841,Caedye,278,DetonatioN FocusMe,Cypher,0.78,185.0,15,19,8,114.0,0.41,2,0
730540,279300,1,Ascent,26,29843,yatsuka,278,DetonatioN FocusMe,Neon,0.97,214.0,19,19,3,139.0,0.31,1,3
730540,279300,1,Ascent,26,3401,PTC,623,Sharper Esports,Omen,0.82,147.0,13,16,8,103.0,0.28,2,0
730540,279300,1,Ascent,26,40511,NIZ,623,Sharper Esports,Sova,0.98,161.0,15,18,10,106.0,0.22,1,0
730540,279300,1,Ascent,26,6672,Meiy,278,DetonatioN FocusMe,Jett,0.75,158.0,15,19,2,97.0,0.24,4,7
730540,279300,1,Ascent,26,8582,Laz,623,Sharper Esports,Cypher,0.76,156.0,14,19,5,109.0,0.29,3,2
730540,279301,2,Sunset,22,12098,Kadoom,623,Sharper Esports,Neon,0.93,202.0,16,16,5,129.0,0.14,6,7
730540,279301,2,Sunset,22,13002,Akame,278,DetonatioN FocusMe,Fade,0.75,129.0,11,14,3,95.0,0.21,1,3
730540,279301,2,Sunset,22,15897,Apinya,623,Sharper Esports,Sage,1.0,179.0,15,14,7,108.0,0.23,3,3
730540,279301,2,Sunset,22,21438,SSeeS,278,DetonatioN FocusMe,Omen,1.04,191.0,14,14,6,118.0,0.33,3,0
730540,279301,2,Sunset,22,29841,Caedye,278,DetonatioN FocusMe,Cypher,1.41,275.0,20,14,10,185.0,0.33,1,1
730540,279301,2,Sunset,22,29843,yatsuka,278,DetonatioN FocusMe,Yoru,0.82,172.0,14,16,2,117.0,0.24,1,4
730540,279301,2,Sunset,22,3401,PTC,623,Sharper Esports,Omen,1.09,219.0,16,16,7,137.0,0.39,2,0
730540,279301,2,Sunset,22,40511,NIZ,623,Sharper Esports,Sova,1.04,156.0,13,13,4,102.0,0.41,0,0
730540,279301,2,Sunset,22,6672,Meiy,278,DetonatioN FocusMe,Waylay,1.01,199.0,16,15,4,119.0,0.37,5,3
730540,279301,2,Sunset,22,8582,Laz,623,Sharper Esports,Cypher,0.69,145.0,13,16,4,96.0,0.39,0,1
730540,279302,3,Breeze,23,12098,Kadoom,623,Sharper Esports,Neon,1.3,258.0,22,14,4,164.0,0.19,3,3
730540,279302,3,Breeze,23,13002,Akame,278,DetonatioN FocusMe,Sova,0.83,189.0,14,18,5,134.0,0.33,4,2
730540,279302,3,Breeze,23,15897,Apinya,623,Sharper Esports,Phoenix,1.02,227.0,19,18,9,155.0,0.23,6,3
730540,279302,3,Breeze,23,21438,SSeeS,278,DetonatioN FocusMe,Viper,0.92,184.0,14,15,2,126.0,0.27,2,3
730540,279302,3,Breeze,23,29841,Caedye,278,DetonatioN FocusMe,Harbor,0.93,194.0,14,18,11,119.0,0.5,1,1
730540,279302,3,Breeze,23,29843,yatsuka,278,DetonatioN FocusMe,Phoenix,0.44,119.0,10,21,7,97.0,0.58,1,3
730540,279302,3,Breeze,23,3401,PTC,623,Sharper Esports,Harbor,1.45,237.0,19,12,13,170.0,0.26,1,1
730540,279302,3,Breeze,23,40511,NIZ,623,Sharper Esports,Sova,1.4,227.0,21,13,8,150.0,0.38,3,1
730540,279302,3,Breeze,23,6672,Meiy,278,DetonatioN FocusMe,Neon,0.78,210.0,17,21,2,135.0,0.25,2,4
730540,279302,3,Breeze,23,8582,Laz,623,Sharper Esports,Viper,0.98,148.0,12,12,5,113.0,0.3,0,2
730541,279303,1,Breeze,14,13039,Meteor,14,T1,Yoru,1.38,246.0,13,7,3,155.0,0.18,4,1
730541,279303,1,Breeze,14,13784,Killua,4050,FULL SENSE,Sova,0.38,117.0,5,13,1,83.0,0.31,0,0
730541,279303,1,Breeze,14,13788,JitBoyS,4050,FULL SENSE,Neon,0.15,52.0,2,14,1,35.0,0.0,1,5
730541,279303,1,Breeze,14,2489,Munchkin,14,T1,Cypher,2.11,314.0,18,3,7,225.0,0.32,2,0
730541,279303,1,Breeze,14,25255,primmie,4050,FULL SENSE,Yoru,0.32,103.0,3,13,3,84.0,0.29,0,3
730541,279303,1,Breeze,14,27244,seph1roth,4050,FULL SENSE,Cypher,0.84,154.0,8,12,0,106.0,0.41,1,0
730541,279303,1,Breeze,14,29833,iZu,14,T1,Sova,1.35,187.0,11,3,1,127.0,0.37,1,1
730541,279303,1,Breeze,14,3977,Crws,4050,FULL SENSE,Harbor,0.55,113.0,5,12,2,69.0,0.18,1,3
730541,279303,1,Breeze,14,485,stax,14,T1,Harbor,1.48,245.0,11,5,6,183.0,0.24,1,0
730541,279303,1,Breeze,14,804,BuZz,14,T1,Neon,1.26,225.0,11,5,6,136.0,0.18,3,1
730541,279304,2,Lotus,21,13039,Meteor,14,T1,Chamber,0.71,127.0,10,14,2,92.0,0.15,1,4
730541,279304,2,Lotus,21,13784,Killua,4050,FULL SENSE,Skye,0.93,194.0,15,16,6,126.0,0.31,0,0
730541,279304,2,Lotus,21,13788,JitBoyS,4050,FULL SENSE,Raze,1.09,237.0,18,15,2,165.0,0.29,2,5
730541,279304,2,Lotus,21,2489,Munchkin,14,T1,Viper,0.91,217.0,15,16,8,137.0,0.22,3,5
730541,279304,2,Lotus,21,25255,primmie,4050,FULL SENSE,Jett,1.22,225.0,16,13,3,142.0,0.29,5,2
730541,279304,2,Lotus,21,27244,seph1roth,4050,FULL SENSE,Cypher,0.51,128.0,10,18,2,84.0,0.44,1,2
730541,279304,2,Lotus,21,29833,iZu,14,T1,Fade,1.25,197.0,16,12,8,124.0,0.23,2,1
730541,279304,2,Lotus,21,3977,Crws,4050,FULL SENSE,Omen,0.71,158.0,10,16,8,112.0,0.2,3,1
730541,279304,2,Lotus,21,485,stax,14,T1,Omen,1.12,195.0,14,13,9,134.0,0.32,0,1
730541,279304,2,Lotus,21,804,BuZz,14,T1,Neon,1.41,283.0,23,14,2,161.0,0.35,4,0
730542,279306,1,Summit,22,11704,STYRON,6199,Team Secret,Sova,0.66,162.0,12,18,4,97.0,0.18,4,0
730542,279306,1,Summit,22,31827,Dambi,11060,Nongshim RedForce,Neon,1.27,235.0,18,15,8,153.0,0.31,2,2
730542,279306,1,Summit,22,31828,Francis,11060,Nongshim RedForce,Yoru,0.88,174.0,14,15,3,120.0,0.16,3,6
730542,279306,1,Summit,22,31829,Ivy,11060,Nongshim RedForce,Viper,0.78,174.0,14,17,3,109.0,0.26,1,3
730542,279306,1,Summit,22,4056,Sylvan,6199,Team Secret,Omen,0.9,192.0,17,18,7,110.0,0.39,1,2
730542,279306,1,Summit,22,42772,Xross,11060,Nongshim RedForce,Fade,1.19,238.0,19,16,9,157.0,0.26,1,1
730542,279306,1,Summit,22,46135,Zeus,6199,Team Secret,Neon,1.82,361.0,29,12,2,214.0,0.26,6,1
730542,279306,1,Summit,22,488,Rb,11060,Nongshim RedForce,Astra,1.19,237.0,18,14,8,135.0,0.43,1,2
730542,279306,1,Summit,22,7049,natz,6199,Team Secret,Vyse,0.69,154.0,11,18,9,116.0,0.36,2,2
730542,279306,1,Summit,22,7437,kellyS,6199,Team Secret,Viper,0.46,112.0,8,17,6,80.0,0.26,1,3
730542,279307,2,Breeze,18,11704,STYRON,6199,Team Secret,Sova,0.72,151.0,9,14,5,105.0,0.28,1,1
730542,279307,2,Breeze,18,31827,Dambi,11060,Nongshim RedForce,Neon,1.16,222.0,15,11,2,130.0,0.35,3,3
730542,279307,2,Breeze,18,31828,Francis,11060,Nongshim RedForce,Yoru,1.44,274.0,19,10,4,178.0,0.2,3,3
730542,279307,2,Breeze,18,31829,Ivy,11060,Nongshim RedForce,Viper,1.33,271.0,17,10,3,193.0,0.41,4,0
730542,279307,2,Breeze,18,4056,Sylvan,6199,Team Secret,Astra,0.72,161.0,10,13,2,120.0,0.19,1,1
730542,279307,2,Breeze,18,42772,Xross,11060,Nongshim RedForce,Sova,1.22,182.0,12,8,4,132.0,0.37,0,0
730542,279307,2,Breeze,18,46135,Zeus,6199,Team Secret,Neon,1.11,278.0,17,16,4,169.0,0.33,1,4
730542,279307,2,Breeze,18,488,Rb,11060,Nongshim RedForce,Harbor,0.98,140.0,9,10,9,92.0,0.36,1,1
730542,279307,2,Breeze,18,7049,natz,6199,Team Secret,Cypher,0.46,76.0,5,14,1,67.0,0.3,1,3
730542,279307,2,Breeze,18,7437,kellyS,6199,Team Secret,Viper,0.65,150.0,8,15,5,97.0,0.22,3,2
